
C:\Users\HP\Desktop\NTI Training\Greenhouse\release\Firmware.elf:     file format elf32-avr

Sections:
Idx Name          Size      VMA       LMA       File off  Algn
  0 .text         000014e8  00000000  00000000  00000094  2**1
                  CONTENTS, ALLOC, LOAD, READONLY, CODE
  1 .data         0000008c  00800060  000014e8  0000157c  2**0
                  CONTENTS, ALLOC, LOAD, DATA
  2 .bss          00000024  008000ec  008000ec  00001608  2**0
                  ALLOC
  3 .comment      0000002f  00000000  00000000  00001608  2**0
                  CONTENTS, READONLY
  4 .note.gnu.avr.deviceinfo 0000003c  00000000  00000000  00001638  2**2
                  CONTENTS, READONLY, OCTETS
  5 .debug_info   000004e6  00000000  00000000  00001674  2**0
                  CONTENTS, READONLY, DEBUGGING, OCTETS
  6 .debug_abbrev 000004a3  00000000  00000000  00001b5a  2**0
                  CONTENTS, READONLY, DEBUGGING, OCTETS
  7 .debug_line   0000001d  00000000  00000000  00001ffd  2**0
                  CONTENTS, READONLY, DEBUGGING, OCTETS
  8 .debug_str    00000196  00000000  00000000  0000201a  2**0
                  CONTENTS, READONLY, DEBUGGING, OCTETS

Disassembly of section .text:

00000000 <__vectors>:
       0:	0c 94 2a 00 	jmp	0x54	; 0x54 <__ctors_end>
       4:	0c 94 47 00 	jmp	0x8e	; 0x8e <__bad_interrupt>
       8:	0c 94 47 00 	jmp	0x8e	; 0x8e <__bad_interrupt>
       c:	0c 94 47 00 	jmp	0x8e	; 0x8e <__bad_interrupt>
      10:	0c 94 47 00 	jmp	0x8e	; 0x8e <__bad_interrupt>
      14:	0c 94 47 00 	jmp	0x8e	; 0x8e <__bad_interrupt>
      18:	0c 94 47 00 	jmp	0x8e	; 0x8e <__bad_interrupt>
      1c:	0c 94 47 00 	jmp	0x8e	; 0x8e <__bad_interrupt>
      20:	0c 94 47 00 	jmp	0x8e	; 0x8e <__bad_interrupt>
      24:	0c 94 47 00 	jmp	0x8e	; 0x8e <__bad_interrupt>
      28:	0c 94 e9 09 	jmp	0x13d2	; 0x13d2 <__vector_10>
      2c:	0c 94 10 0a 	jmp	0x1420	; 0x1420 <__vector_11>
      30:	0c 94 47 00 	jmp	0x8e	; 0x8e <__bad_interrupt>
      34:	0c 94 47 00 	jmp	0x8e	; 0x8e <__bad_interrupt>
      38:	0c 94 47 00 	jmp	0x8e	; 0x8e <__bad_interrupt>
      3c:	0c 94 47 00 	jmp	0x8e	; 0x8e <__bad_interrupt>
      40:	0c 94 47 00 	jmp	0x8e	; 0x8e <__bad_interrupt>
      44:	0c 94 47 00 	jmp	0x8e	; 0x8e <__bad_interrupt>
      48:	0c 94 47 00 	jmp	0x8e	; 0x8e <__bad_interrupt>
      4c:	0c 94 47 00 	jmp	0x8e	; 0x8e <__bad_interrupt>
      50:	0c 94 47 00 	jmp	0x8e	; 0x8e <__bad_interrupt>

00000054 <__ctors_end>:
      54:	11 24       	eor	r1, r1
      56:	1f be       	out	0x3f, r1	; 63
      58:	cf e5       	ldi	r28, 0x5F	; 95
      5a:	d8 e0       	ldi	r29, 0x08	; 8
      5c:	de bf       	out	0x3e, r29	; 62
      5e:	cd bf       	out	0x3d, r28	; 61

00000060 <__do_copy_data>:
      60:	10 e0       	ldi	r17, 0x00	; 0

00000062 <.Loc.1>:
      62:	a0 e6       	ldi	r26, 0x60	; 96

00000064 <.Loc.2>:
      64:	b0 e0       	ldi	r27, 0x00	; 0

00000066 <.Loc.3>:
      66:	e8 ee       	ldi	r30, 0xE8	; 232

00000068 <.Loc.4>:
      68:	f4 e1       	ldi	r31, 0x14	; 20

0000006a <.Loc.5>:
      6a:	02 c0       	rjmp	.+4      	; 0x70 <.L__do_copy_data_start>

0000006c <.L__do_copy_data_loop>:
      6c:	05 90       	lpm	r0, Z+

0000006e <.Loc.7>:
      6e:	0d 92       	st	X+, r0

00000070 <.L__do_copy_data_start>:
      70:	ac 3e       	cpi	r26, 0xEC	; 236

00000072 <.Loc.9>:
      72:	b1 07       	cpc	r27, r17

00000074 <.Loc.10>:
      74:	d9 f7       	brne	.-10     	; 0x6c <.L__do_copy_data_loop>

00000076 <__do_clear_bss>:
      76:	21 e0       	ldi	r18, 0x01	; 1

00000078 <.Loc.1>:
      78:	ac ee       	ldi	r26, 0xEC	; 236

0000007a <.Loc.2>:
      7a:	b0 e0       	ldi	r27, 0x00	; 0

0000007c <.Loc.3>:
      7c:	01 c0       	rjmp	.+2      	; 0x80 <.Loc.5>

0000007e <.Loc.4>:
      7e:	1d 92       	st	X+, r1

00000080 <.Loc.5>:
      80:	a0 31       	cpi	r26, 0x10	; 16

00000082 <.Loc.6>:
      82:	b2 07       	cpc	r27, r18

00000084 <.Loc.7>:
      84:	e1 f7       	brne	.-8      	; 0x7e <.Loc.4>

00000086 <L0^A>:
      86:	0e 94 37 0a 	call	0x146e	; 0x146e <main>
      8a:	0c 94 72 0a 	jmp	0x14e4	; 0x14e4 <_exit>

0000008e <__bad_interrupt>:
      8e:	0c 94 00 00 	jmp	0	; 0x0 <__vectors>

00000092 <StateMachine_ClimateControll>:
      92:	80 91 ec 00 	lds	r24, 0x00EC	; 0x8000ec <No_FullCycle>
      96:	80 ff       	sbrs	r24, 0
      98:	14 c0       	rjmp	.+40     	; 0xc2 <.L9>
      9a:	97 eb       	ldi	r25, 0xB7	; 183
      9c:	89 9f       	mul	r24, r25
      9e:	90 2d       	mov	r25, r0
      a0:	11 24       	eor	r1, r1
      a2:	95 32       	cpi	r25, 0x25	; 37
      a4:	f0 f0       	brcs	.+60     	; 0xe2 <.L10>

000000a6 <.L3>:
      a6:	90 91 61 00 	lds	r25, 0x0061	; 0x800061 <ControlMode>
      aa:	92 30       	cpi	r25, 0x02	; 2
      ac:	39 f0       	breq	.+14     	; 0xbc <.L7>
      ae:	91 30       	cpi	r25, 0x01	; 1
      b0:	29 f0       	breq	.+10     	; 0xbc <.L7>

000000b2 <.L5>:
      b2:	8a 30       	cpi	r24, 0x0A	; 10
      b4:	10 f0       	brcs	.+4      	; 0xba <.L1>
      b6:	10 92 ec 00 	sts	0x00EC, r1	; 0x8000ec <No_FullCycle>

000000ba <.L1>:
      ba:	08 95       	ret

000000bc <.L7>:
      bc:	90 93 ed 00 	sts	0x00ED, r25	; 0x8000ed <CurrentState>
      c0:	f8 cf       	rjmp	.-16     	; 0xb2 <.L5>

000000c2 <.L9>:
      c2:	0e 94 ea 06 	call	0xdd4	; 0xdd4 <LM35_GetTemp>
      c6:	80 93 ef 00 	sts	0x00EF, r24	; 0x8000ef <Temp>
      ca:	0e 94 9f 07 	call	0xf3e	; 0xf3e <POT_GetMoisture>
      ce:	80 93 ee 00 	sts	0x00EE, r24	; 0x8000ee <Moist>
      d2:	80 91 ec 00 	lds	r24, 0x00EC	; 0x8000ec <No_FullCycle>
      d6:	97 eb       	ldi	r25, 0xB7	; 183
      d8:	89 9f       	mul	r24, r25
      da:	90 2d       	mov	r25, r0
      dc:	11 24       	eor	r1, r1
      de:	95 32       	cpi	r25, 0x25	; 37
      e0:	10 f7       	brcc	.-60     	; 0xa6 <.L3>

000000e2 <.L10>:
      e2:	61 e0       	ldi	r22, 0x01	; 1
      e4:	80 e2       	ldi	r24, 0x20	; 32
      e6:	0e 94 f0 03 	call	0x7e0	; 0x7e0 <LCD_WriteData>
      ea:	61 e0       	ldi	r22, 0x01	; 1
      ec:	8d e7       	ldi	r24, 0x7D	; 125
      ee:	90 e0       	ldi	r25, 0x00	; 0
      f0:	0e 94 4e 05 	call	0xa9c	; 0xa9c <LCD_WriteString>
      f4:	68 e0       	ldi	r22, 0x08	; 8
      f6:	80 e0       	ldi	r24, 0x00	; 0
      f8:	0e 94 72 05 	call	0xae4	; 0xae4 <LCD_GotoXY>
      fc:	61 e0       	ldi	r22, 0x01	; 1
      fe:	85 e8       	ldi	r24, 0x85	; 133
     100:	90 e0       	ldi	r25, 0x00	; 0
     102:	0e 94 4e 05 	call	0xa9c	; 0xa9c <LCD_WriteString>
     106:	68 e0       	ldi	r22, 0x08	; 8
     108:	80 e0       	ldi	r24, 0x00	; 0
     10a:	0e 94 72 05 	call	0xae4	; 0xae4 <LCD_GotoXY>
     10e:	61 e0       	ldi	r22, 0x01	; 1
     110:	80 91 ef 00 	lds	r24, 0x00EF	; 0x8000ef <Temp>
     114:	0e 94 cd 05 	call	0xb9a	; 0xb9a <LCD_WriteNumber>
     118:	60 e0       	ldi	r22, 0x00	; 0
     11a:	81 e0       	ldi	r24, 0x01	; 1
     11c:	0e 94 72 05 	call	0xae4	; 0xae4 <LCD_GotoXY>
     120:	61 e0       	ldi	r22, 0x01	; 1
     122:	8e e8       	ldi	r24, 0x8E	; 142
     124:	90 e0       	ldi	r25, 0x00	; 0
     126:	0e 94 4e 05 	call	0xa9c	; 0xa9c <LCD_WriteString>
     12a:	61 e0       	ldi	r22, 0x01	; 1
     12c:	80 91 ee 00 	lds	r24, 0x00EE	; 0x8000ee <Moist>
     130:	0e 94 cd 05 	call	0xb9a	; 0xb9a <LCD_WriteNumber>
     134:	60 e0       	ldi	r22, 0x00	; 0
     136:	80 e0       	ldi	r24, 0x00	; 0
     138:	0e 94 72 05 	call	0xae4	; 0xae4 <LCD_GotoXY>
     13c:	80 91 ec 00 	lds	r24, 0x00EC	; 0x8000ec <No_FullCycle>
     140:	b2 cf       	rjmp	.-156    	; 0xa6 <.L3>

00000142 <System_Timer>:
     142:	80 91 02 01 	lds	r24, 0x0102	; 0x800102 <Count>
     146:	8f 5f       	subi	r24, 0xFF	; 255
     148:	80 93 02 01 	sts	0x0102, r24	; 0x800102 <Count>
     14c:	88 3c       	cpi	r24, 0xC8	; 200
     14e:	09 f0       	breq	.+2      	; 0x152 <.L4>
     150:	08 95       	ret

00000152 <.L4>:
     152:	81 e0       	ldi	r24, 0x01	; 1
     154:	80 93 00 01 	sts	0x0100, r24	; 0x800100 <Interrupt_Flag>
     158:	10 92 01 01 	sts	0x0101, r1	; 0x800101 <Interrupt_Flag+0x1>
     15c:	10 92 02 01 	sts	0x0102, r1	; 0x800102 <Count>
     160:	08 95       	ret

00000162 <GreenHouse_Init>:
     162:	0e 94 35 09 	call	0x126a	; 0x126a <GIE_Enable>
     166:	40 91 67 00 	lds	r20, 0x0067	; 0x800067 <Adc_Config>
     16a:	50 91 68 00 	lds	r21, 0x0068	; 0x800068 <Adc_Config+0x1>
     16e:	60 91 69 00 	lds	r22, 0x0069	; 0x800069 <Adc_Config+0x2>
     172:	70 91 6a 00 	lds	r23, 0x006A	; 0x80006a <Adc_Config+0x3>
     176:	80 91 6b 00 	lds	r24, 0x006B	; 0x80006b <Adc_Config+0x4>
     17a:	0e 94 b3 07 	call	0xf66	; 0xf66 <ADC_Init>
     17e:	40 91 62 00 	lds	r20, 0x0062	; 0x800062 <Timer0_Config>
     182:	50 91 63 00 	lds	r21, 0x0063	; 0x800063 <Timer0_Config+0x1>
     186:	60 91 64 00 	lds	r22, 0x0064	; 0x800064 <Timer0_Config+0x2>
     18a:	70 91 65 00 	lds	r23, 0x0065	; 0x800065 <Timer0_Config+0x3>
     18e:	80 91 66 00 	lds	r24, 0x0066	; 0x800066 <Timer0_Config+0x4>
     192:	0e 94 3d 09 	call	0x127a	; 0x127a <TIMER0_Init>
     196:	0e 94 6b 03 	call	0x6d6	; 0x6d6 <KPD_Init>
     19a:	63 e0       	ldi	r22, 0x03	; 3
     19c:	83 e0       	ldi	r24, 0x03	; 3
     19e:	0e 94 27 06 	call	0xc4e	; 0xc4e <Led_Init>
     1a2:	64 e0       	ldi	r22, 0x04	; 4
     1a4:	83 e0       	ldi	r24, 0x03	; 3
     1a6:	0e 94 27 06 	call	0xc4e	; 0xc4e <Led_Init>
     1aa:	65 e0       	ldi	r22, 0x05	; 5
     1ac:	83 e0       	ldi	r24, 0x03	; 3
     1ae:	0e 94 27 06 	call	0xc4e	; 0xc4e <Led_Init>
     1b2:	62 e0       	ldi	r22, 0x02	; 2
     1b4:	83 e0       	ldi	r24, 0x03	; 3
     1b6:	0e 94 fd 06 	call	0xdfa	; 0xdfa <WaterPump_Init>
     1ba:	61 e0       	ldi	r22, 0x01	; 1
     1bc:	83 e0       	ldi	r24, 0x03	; 3
     1be:	0e 94 12 07 	call	0xe24	; 0xe24 <Heater_Init>
     1c2:	60 e0       	ldi	r22, 0x00	; 0
     1c4:	83 e0       	ldi	r24, 0x03	; 3
     1c6:	0e 94 27 07 	call	0xe4e	; 0xe4e <Fan_Init>
     1ca:	81 e0       	ldi	r24, 0x01	; 1
     1cc:	0e 94 a2 04 	call	0x944	; 0x944 <LCD_Init>
     1d0:	82 e0       	ldi	r24, 0x02	; 2
     1d2:	0e 94 8d 07 	call	0xf1a	; 0xf1a <POT_Init>
     1d6:	80 e0       	ldi	r24, 0x00	; 0
     1d8:	0e 94 d8 06 	call	0xdb0	; 0xdb0 <LM35_Init>
     1dc:	0e 94 78 07 	call	0xef0	; 0xef0 <WaterPump_Off>
     1e0:	0e 94 7f 07 	call	0xefe	; 0xefe <Heater_Off>
     1e4:	0e 94 86 07 	call	0xf0c	; 0xf0c <Fan_Off>
     1e8:	68 e3       	ldi	r22, 0x38	; 56
     1ea:	87 e9       	ldi	r24, 0x97	; 151
     1ec:	90 e0       	ldi	r25, 0x00	; 0
     1ee:	0e 94 4e 05 	call	0xa9c	; 0xa9c <LCD_WriteString>
     1f2:	2f e3       	ldi	r18, 0x3F	; 63
     1f4:	87 e7       	ldi	r24, 0x77	; 119
     1f6:	9b e1       	ldi	r25, 0x1B	; 27

000001f8 <.L1^B1>:
     1f8:	21 50       	subi	r18, 0x01	; 1
     1fa:	80 40       	sbci	r24, 0x00	; 0
     1fc:	90 40       	sbci	r25, 0x00	; 0
     1fe:	e1 f7       	brne	.-8      	; 0x1f8 <.L1^B1>
     200:	00 c0       	rjmp	.+0      	; 0x202 <L0^A>

00000202 <L0^A>:
     202:	00 00       	nop
     204:	08 95       	ret

00000206 <GreenHouse_Update>:
     206:	cf 93       	push	r28
     208:	df 93       	push	r29
     20a:	c0 91 00 01 	lds	r28, 0x0100	; 0x800100 <Interrupt_Flag>
     20e:	d0 91 01 01 	lds	r29, 0x0101	; 0x800101 <Interrupt_Flag+0x1>
     212:	c1 30       	cpi	r28, 0x01	; 1
     214:	d1 05       	cpc	r29, r1
     216:	19 f0       	breq	.+6      	; 0x21e <.L74>

00000218 <.L6>:
     218:	df 91       	pop	r29
     21a:	cf 91       	pop	r28
     21c:	08 95       	ret

0000021e <.L74>:
     21e:	10 92 00 01 	sts	0x0100, r1	; 0x800100 <Interrupt_Flag>
     222:	10 92 01 01 	sts	0x0101, r1	; 0x800101 <Interrupt_Flag+0x1>
     226:	80 91 fd 00 	lds	r24, 0x00FD	; 0x8000fd <No_FullCycle>
     22a:	8f 5f       	subi	r24, 0xFF	; 255
     22c:	80 93 fd 00 	sts	0x00FD, r24	; 0x8000fd <No_FullCycle>
     230:	20 91 fe 00 	lds	r18, 0x00FE	; 0x8000fe <CurrentState>
     234:	30 91 ff 00 	lds	r19, 0x00FF	; 0x8000ff <CurrentState+0x1>
     238:	22 30       	cpi	r18, 0x02	; 2
     23a:	31 05       	cpc	r19, r1
     23c:	09 f4       	brne	.+2      	; 0x240 <L0^A+0x2>

0000023e <L0^A>:
     23e:	6e c0       	rjmp	.+220    	; 0x31c <.L9>
     240:	80 f1       	brcs	.+96     	; 0x2a2 <.L75>
     242:	23 30       	cpi	r18, 0x03	; 3
     244:	31 05       	cpc	r19, r1
     246:	09 f4       	brne	.+2      	; 0x24a <L0^A+0x2>

00000248 <L0^A>:
     248:	9e c0       	rjmp	.+316    	; 0x386 <.L13>
     24a:	24 30       	cpi	r18, 0x04	; 4
     24c:	31 05       	cpc	r19, r1
     24e:	21 f7       	brne	.-56     	; 0x218 <.L6>
     250:	83 70       	andi	r24, 0x03	; 3
     252:	09 f4       	brne	.+2      	; 0x256 <.L50>

00000254 <L0^A>:
     254:	f2 c0       	rjmp	.+484    	; 0x43a <.L76>

00000256 <.L50>:
     256:	80 91 fc 00 	lds	r24, 0x00FC	; 0x8000fc <Temp>
     25a:	86 34       	cpi	r24, 0x46	; 70
     25c:	08 f0       	brcs	.+2      	; 0x260 <L0^A+0x2>

0000025e <L0^A>:
     25e:	f6 c0       	rjmp	.+492    	; 0x44c <.L77>
     260:	8b 30       	cpi	r24, 0x0B	; 11
     262:	08 f4       	brcc	.+2      	; 0x266 <.L52>

00000264 <L0^A>:
     264:	86 c1       	rjmp	.+780    	; 0x572 <.L78>

00000266 <.L52>:
     266:	80 91 fb 00 	lds	r24, 0x00FB	; 0x8000fb <Moist>
     26a:	80 31       	cpi	r24, 0x10	; 16
     26c:	08 f4       	brcc	.+2      	; 0x270 <.L55>

0000026e <L0^A>:
     26e:	4c c1       	rjmp	.+664    	; 0x508 <.L53>

00000270 <.L55>:
     270:	80 91 fc 00 	lds	r24, 0x00FC	; 0x8000fc <Temp>
     274:	8b 50       	subi	r24, 0x0B	; 11
     276:	8b 33       	cpi	r24, 0x3B	; 59
     278:	78 f6       	brcc	.-98     	; 0x218 <.L6>
     27a:	41 e0       	ldi	r20, 0x01	; 1
     27c:	64 e0       	ldi	r22, 0x04	; 4
     27e:	83 e0       	ldi	r24, 0x03	; 3
     280:	0e 94 47 06 	call	0xc8e	; 0xc8e <Led_off>
     284:	41 e0       	ldi	r20, 0x01	; 1
     286:	65 e0       	ldi	r22, 0x05	; 5
     288:	83 e0       	ldi	r24, 0x03	; 3
     28a:	0e 94 47 06 	call	0xc8e	; 0xc8e <Led_off>
     28e:	41 e0       	ldi	r20, 0x01	; 1
     290:	63 e0       	ldi	r22, 0x03	; 3
     292:	83 e0       	ldi	r24, 0x03	; 3
     294:	0e 94 47 06 	call	0xc8e	; 0xc8e <Led_off>
     298:	10 92 fe 00 	sts	0x00FE, r1	; 0x8000fe <CurrentState>
     29c:	10 92 ff 00 	sts	0x00FF, r1	; 0x8000ff <CurrentState+0x1>
     2a0:	bb cf       	rjmp	.-138    	; 0x218 <.L6>

000002a2 <.L75>:
     2a2:	23 2b       	or	r18, r19
     2a4:	09 f4       	brne	.+2      	; 0x2a8 <L0^A+0x2>

000002a6 <L0^A>:
     2a6:	88 c0       	rjmp	.+272    	; 0x3b8 <.L79>
     2a8:	60 e0       	ldi	r22, 0x00	; 0
     2aa:	83 e0       	ldi	r24, 0x03	; 3
     2ac:	0e 94 63 03 	call	0x6c6	; 0x6c6 <Button_GetState>
     2b0:	80 93 f2 00 	sts	0x00F2, r24	; 0x8000f2 <CurrState_Fan>
     2b4:	61 e0       	ldi	r22, 0x01	; 1
     2b6:	83 e0       	ldi	r24, 0x03	; 3
     2b8:	0e 94 63 03 	call	0x6c6	; 0x6c6 <Button_GetState>
     2bc:	80 93 f1 00 	sts	0x00F1, r24	; 0x8000f1 <CurrState_Heater>
     2c0:	62 e0       	ldi	r22, 0x02	; 2
     2c2:	83 e0       	ldi	r24, 0x03	; 3
     2c4:	0e 94 63 03 	call	0x6c6	; 0x6c6 <Button_GetState>
     2c8:	80 93 f0 00 	sts	0x00F0, r24	; 0x8000f0 <CurrState_Pump>
     2cc:	10 92 f5 00 	sts	0x00F5, r1	; 0x8000f5 <PrevState_Heater>
     2d0:	10 92 f4 00 	sts	0x00F4, r1	; 0x8000f4 <PrevState_Pump>
     2d4:	90 91 f2 00 	lds	r25, 0x00F2	; 0x8000f2 <CurrState_Fan>
     2d8:	91 30       	cpi	r25, 0x01	; 1
     2da:	09 f4       	brne	.+2      	; 0x2de <L0^A+0x2>

000002dc <L0^A>:
     2dc:	f3 c0       	rjmp	.+486    	; 0x4c4 <.L80>
     2de:	90 91 f1 00 	lds	r25, 0x00F1	; 0x8000f1 <CurrState_Heater>
     2e2:	91 30       	cpi	r25, 0x01	; 1
     2e4:	09 f4       	brne	.+2      	; 0x2e8 <L0^A+0x2>

000002e6 <L0^A>:
     2e6:	80 c1       	rjmp	.+768    	; 0x5e8 <.L56>
     2e8:	81 30       	cpi	r24, 0x01	; 1
     2ea:	09 f4       	brne	.+2      	; 0x2ee <.L33>

000002ec <L0^A>:
     2ec:	04 c1       	rjmp	.+520    	; 0x4f6 <.L60>

000002ee <.L33>:
     2ee:	80 91 fc 00 	lds	r24, 0x00FC	; 0x8000fc <Temp>
     2f2:	86 34       	cpi	r24, 0x46	; 70
     2f4:	28 f4       	brcc	.+10     	; 0x300 <.L34>
     2f6:	80 91 fb 00 	lds	r24, 0x00FB	; 0x8000fb <Moist>
     2fa:	80 31       	cpi	r24, 0x10	; 16
     2fc:	08 f0       	brcs	.+2      	; 0x300 <.L34>

000002fe <L0^A>:
     2fe:	43 c1       	rjmp	.+646    	; 0x586 <.L35>

00000300 <.L34>:
     300:	84 e0       	ldi	r24, 0x04	; 4
     302:	80 93 fe 00 	sts	0x00FE, r24	; 0x8000fe <CurrentState>
     306:	10 92 ff 00 	sts	0x00FF, r1	; 0x8000ff <CurrentState+0x1>

0000030a <.L36>:
     30a:	80 91 f1 00 	lds	r24, 0x00F1	; 0x8000f1 <CurrState_Heater>
     30e:	80 93 f5 00 	sts	0x00F5, r24	; 0x8000f5 <PrevState_Heater>
     312:	80 91 f0 00 	lds	r24, 0x00F0	; 0x8000f0 <CurrState_Pump>
     316:	80 93 f4 00 	sts	0x00F4, r24	; 0x8000f4 <PrevState_Pump>
     31a:	7e cf       	rjmp	.-260    	; 0x218 <.L6>

0000031c <.L9>:
     31c:	80 91 fc 00 	lds	r24, 0x00FC	; 0x8000fc <Temp>
     320:	90 91 6f 00 	lds	r25, 0x006F	; 0x80006f <MaxTemp>
     324:	98 17       	cp	r25, r24
     326:	08 f4       	brcc	.+2      	; 0x32a <L0^A+0x2>

00000328 <L0^A>:
     328:	83 c0       	rjmp	.+262    	; 0x430 <.L81>
     32a:	90 91 6e 00 	lds	r25, 0x006E	; 0x80006e <MinTemp>
     32e:	89 17       	cp	r24, r25
     330:	08 f0       	brcs	.+2      	; 0x334 <L0^A+0x2>

00000332 <L0^A>:
     332:	fa c0       	rjmp	.+500    	; 0x528 <.L22>
     334:	0e 94 86 07 	call	0xf0c	; 0xf0c <Fan_Off>
     338:	0e 94 6a 07 	call	0xed4	; 0xed4 <Heater_On>

0000033c <.L21>:
     33c:	90 91 fb 00 	lds	r25, 0x00FB	; 0x8000fb <Moist>
     340:	80 91 6d 00 	lds	r24, 0x006D	; 0x80006d <MinMoist>
     344:	98 17       	cp	r25, r24
     346:	08 f0       	brcs	.+2      	; 0x34a <L0^A+0x2>

00000348 <L0^A>:
     348:	ec c0       	rjmp	.+472    	; 0x522 <.L23>
     34a:	0e 94 63 07 	call	0xec6	; 0xec6 <WaterPump_On>

0000034e <.L24>:
     34e:	80 91 fc 00 	lds	r24, 0x00FC	; 0x8000fc <Temp>
     352:	8b 50       	subi	r24, 0x0B	; 11
     354:	8b 33       	cpi	r24, 0x3B	; 59
     356:	08 f0       	brcs	.+2      	; 0x35a <L0^A+0x2>

00000358 <L0^A>:
     358:	d1 c0       	rjmp	.+418    	; 0x4fc <.L25>
     35a:	80 91 fb 00 	lds	r24, 0x00FB	; 0x8000fb <Moist>
     35e:	80 31       	cpi	r24, 0x10	; 16
     360:	08 f4       	brcc	.+2      	; 0x364 <L0^A+0x2>

00000362 <L0^A>:
     362:	cc c0       	rjmp	.+408    	; 0x4fc <.L25>
     364:	0e 94 b1 03 	call	0x762	; 0x762 <KPD_GetButtonValue>
     368:	8a 32       	cpi	r24, 0x2A	; 42
     36a:	09 f0       	breq	.+2      	; 0x36e <L0^A+0x2>

0000036c <L0^A>:
     36c:	55 cf       	rjmp	.-342    	; 0x218 <.L6>
     36e:	0e 94 86 07 	call	0xf0c	; 0xf0c <Fan_Off>
     372:	0e 94 7f 07 	call	0xefe	; 0xefe <Heater_Off>
     376:	0e 94 78 07 	call	0xef0	; 0xef0 <WaterPump_Off>
     37a:	83 e0       	ldi	r24, 0x03	; 3
     37c:	80 93 fe 00 	sts	0x00FE, r24	; 0x8000fe <CurrentState>
     380:	10 92 ff 00 	sts	0x00FF, r1	; 0x8000ff <CurrentState+0x1>
     384:	49 cf       	rjmp	.-366    	; 0x218 <.L6>

00000386 <.L13>:
     386:	0e 94 b1 03 	call	0x762	; 0x762 <KPD_GetButtonValue>
     38a:	80 93 f3 00 	sts	0x00F3, r24	; 0x8000f3 <Current_Value>
     38e:	81 11       	cpse	r24, r1
     390:	2d c0       	rjmp	.+90     	; 0x3ec <.L82>

00000392 <.L37>:
     392:	80 91 6c 00 	lds	r24, 0x006C	; 0x80006c <NeedDisplayUpdate>
     396:	81 15       	cp	r24, r1
     398:	09 f4       	brne	.+2      	; 0x39c <.L40>

0000039a <L0^A>:
     39a:	3e cf       	rjmp	.-388    	; 0x218 <.L6>

0000039c <.L40>:
     39c:	0e 94 a8 05 	call	0xb50	; 0xb50 <LCD_Clear>
     3a0:	80 91 f9 00 	lds	r24, 0x00F9	; 0x8000f9 <MenuState>
     3a4:	90 91 fa 00 	lds	r25, 0x00FA	; 0x8000fa <MenuState+0x1>
     3a8:	01 97       	sbiw	r24, 0x01	; 1
     3aa:	08 f4       	brcc	.+2      	; 0x3ae <L0^A+0x2>

000003ac <L0^A>:
     3ac:	0a c1       	rjmp	.+532    	; 0x5c2 <.L83>
     3ae:	09 f4       	brne	.+2      	; 0x3b2 <.L49>

000003b0 <L0^A>:
     3b0:	2d c1       	rjmp	.+602    	; 0x60c <.L84>

000003b2 <.L49>:
     3b2:	10 92 6c 00 	sts	0x006C, r1	; 0x80006c <NeedDisplayUpdate>
     3b6:	30 cf       	rjmp	.-416    	; 0x218 <.L6>

000003b8 <.L79>:
     3b8:	80 ff       	sbrs	r24, 0
     3ba:	79 c0       	rjmp	.+242    	; 0x4ae <.L85>

000003bc <.L15>:
     3bc:	9d ec       	ldi	r25, 0xCD	; 205
     3be:	89 9f       	mul	r24, r25
     3c0:	90 2d       	mov	r25, r0
     3c2:	11 24       	eor	r1, r1
     3c4:	94 33       	cpi	r25, 0x34	; 52
     3c6:	08 f4       	brcc	.+2      	; 0x3ca <.L16>

000003c8 <L0^A>:
     3c8:	4b c0       	rjmp	.+150    	; 0x460 <.L86>

000003ca <.L16>:
     3ca:	90 91 70 00 	lds	r25, 0x0070	; 0x800070 <ControlMode>
     3ce:	92 30       	cpi	r25, 0x02	; 2
     3d0:	49 f1       	breq	.+82     	; 0x424 <.L87>
     3d2:	91 30       	cpi	r25, 0x01	; 1
     3d4:	29 f4       	brne	.+10     	; 0x3e0 <.L18>
     3d6:	21 e0       	ldi	r18, 0x01	; 1
     3d8:	20 93 fe 00 	sts	0x00FE, r18	; 0x8000fe <CurrentState>
     3dc:	10 92 ff 00 	sts	0x00FF, r1	; 0x8000ff <CurrentState+0x1>

000003e0 <.L18>:
     3e0:	8a 30       	cpi	r24, 0x0A	; 10
     3e2:	08 f4       	brcc	.+2      	; 0x3e6 <L0^A+0x2>

000003e4 <L0^A>:
     3e4:	19 cf       	rjmp	.-462    	; 0x218 <.L6>
     3e6:	10 92 fd 00 	sts	0x00FD, r1	; 0x8000fd <No_FullCycle>
     3ea:	16 cf       	rjmp	.-468    	; 0x218 <.L6>

000003ec <.L82>:
     3ec:	20 91 f9 00 	lds	r18, 0x00F9	; 0x8000f9 <MenuState>
     3f0:	30 91 fa 00 	lds	r19, 0x00FA	; 0x8000fa <MenuState+0x1>
     3f4:	21 30       	cpi	r18, 0x01	; 1
     3f6:	31 05       	cpc	r19, r1
     3f8:	08 f0       	brcs	.+2      	; 0x3fc <L0^A+0x2>

000003fa <L0^A>:
     3fa:	9b c0       	rjmp	.+310    	; 0x532 <.L38>
     3fc:	9f ec       	ldi	r25, 0xCF	; 207
     3fe:	98 0f       	add	r25, r24
     400:	95 30       	cpi	r25, 0x05	; 5
     402:	08 f0       	brcs	.+2      	; 0x406 <L0^A+0x2>

00000404 <L0^A>:
     404:	d1 c0       	rjmp	.+418    	; 0x5a8 <.L39>
     406:	80 53       	subi	r24, 0x30	; 48
     408:	80 93 f8 00 	sts	0x00F8, r24	; 0x8000f8 <UserSelection>
     40c:	10 92 f6 00 	sts	0x00F6, r1	; 0x8000f6 <TempValue>
     410:	10 92 f7 00 	sts	0x00F7, r1	; 0x8000f7 <TempValue+0x1>
     414:	c0 93 f9 00 	sts	0x00F9, r28	; 0x8000f9 <MenuState>
     418:	d0 93 fa 00 	sts	0x00FA, r29	; 0x8000fa <MenuState+0x1>
     41c:	81 e0       	ldi	r24, 0x01	; 1
     41e:	80 93 6c 00 	sts	0x006C, r24	; 0x80006c <NeedDisplayUpdate>
     422:	bc cf       	rjmp	.-136    	; 0x39c <.L40>

00000424 <.L87>:
     424:	22 e0       	ldi	r18, 0x02	; 2
     426:	20 93 fe 00 	sts	0x00FE, r18	; 0x8000fe <CurrentState>
     42a:	10 92 ff 00 	sts	0x00FF, r1	; 0x8000ff <CurrentState+0x1>
     42e:	d8 cf       	rjmp	.-80     	; 0x3e0 <.L18>

00000430 <.L81>:
     430:	0e 94 71 07 	call	0xee2	; 0xee2 <Fan_On>
     434:	0e 94 7f 07 	call	0xefe	; 0xefe <Heater_Off>
     438:	81 cf       	rjmp	.-254    	; 0x33c <.L21>

0000043a <.L76>:
     43a:	0e 94 ea 06 	call	0xdd4	; 0xdd4 <LM35_GetTemp>
     43e:	80 93 fc 00 	sts	0x00FC, r24	; 0x8000fc <Temp>
     442:	0e 94 9f 07 	call	0xf3e	; 0xf3e <POT_GetMoisture>
     446:	80 93 fb 00 	sts	0x00FB, r24	; 0x8000fb <Moist>
     44a:	05 cf       	rjmp	.-502    	; 0x256 <.L50>

0000044c <.L77>:
     44c:	41 e0       	ldi	r20, 0x01	; 1
     44e:	63 e0       	ldi	r22, 0x03	; 3
     450:	83 e0       	ldi	r24, 0x03	; 3
     452:	0e 94 3f 06 	call	0xc7e	; 0xc7e <Led_on>
     456:	0e 94 71 07 	call	0xee2	; 0xee2 <Fan_On>
     45a:	0e 94 7f 07 	call	0xefe	; 0xefe <Heater_Off>
     45e:	03 cf       	rjmp	.-506    	; 0x266 <.L52>

00000460 <.L86>:
     460:	60 e0       	ldi	r22, 0x00	; 0
     462:	80 e0       	ldi	r24, 0x00	; 0
     464:	0e 94 72 05 	call	0xae4	; 0xae4 <LCD_GotoXY>
     468:	68 e3       	ldi	r22, 0x38	; 56
     46a:	87 ea       	ldi	r24, 0xA7	; 167
     46c:	90 e0       	ldi	r25, 0x00	; 0
     46e:	0e 94 4e 05 	call	0xa9c	; 0xa9c <LCD_WriteString>
     472:	68 e0       	ldi	r22, 0x08	; 8
     474:	80 e0       	ldi	r24, 0x00	; 0
     476:	0e 94 72 05 	call	0xae4	; 0xae4 <LCD_GotoXY>
     47a:	68 e3       	ldi	r22, 0x38	; 56
     47c:	80 91 fc 00 	lds	r24, 0x00FC	; 0x8000fc <Temp>
     480:	0e 94 cd 05 	call	0xb9a	; 0xb9a <LCD_WriteNumber>
     484:	60 e0       	ldi	r22, 0x00	; 0
     486:	81 e0       	ldi	r24, 0x01	; 1
     488:	0e 94 72 05 	call	0xae4	; 0xae4 <LCD_GotoXY>
     48c:	68 e3       	ldi	r22, 0x38	; 56
     48e:	8e ea       	ldi	r24, 0xAE	; 174
     490:	90 e0       	ldi	r25, 0x00	; 0
     492:	0e 94 4e 05 	call	0xa9c	; 0xa9c <LCD_WriteString>
     496:	68 e0       	ldi	r22, 0x08	; 8
     498:	81 e0       	ldi	r24, 0x01	; 1
     49a:	0e 94 72 05 	call	0xae4	; 0xae4 <LCD_GotoXY>
     49e:	68 e3       	ldi	r22, 0x38	; 56
     4a0:	80 91 fb 00 	lds	r24, 0x00FB	; 0x8000fb <Moist>
     4a4:	0e 94 cd 05 	call	0xb9a	; 0xb9a <LCD_WriteNumber>
     4a8:	80 91 fd 00 	lds	r24, 0x00FD	; 0x8000fd <No_FullCycle>
     4ac:	8e cf       	rjmp	.-228    	; 0x3ca <.L16>

000004ae <.L85>:
     4ae:	0e 94 ea 06 	call	0xdd4	; 0xdd4 <LM35_GetTemp>
     4b2:	80 93 fc 00 	sts	0x00FC, r24	; 0x8000fc <Temp>
     4b6:	0e 94 9f 07 	call	0xf3e	; 0xf3e <POT_GetMoisture>
     4ba:	80 93 fb 00 	sts	0x00FB, r24	; 0x8000fb <Moist>
     4be:	80 91 fd 00 	lds	r24, 0x00FD	; 0x8000fd <No_FullCycle>
     4c2:	7c cf       	rjmp	.-264    	; 0x3bc <.L15>

000004c4 <.L80>:
     4c4:	60 e0       	ldi	r22, 0x00	; 0
     4c6:	83 e0       	ldi	r24, 0x03	; 3
     4c8:	0e 94 63 03 	call	0x6c6	; 0x6c6 <Button_GetState>
     4cc:	81 15       	cp	r24, r1
     4ce:	09 f4       	brne	.+2      	; 0x4d2 <L0^A+0x2>

000004d0 <L0^A>:
     4d0:	96 c0       	rjmp	.+300    	; 0x5fe <.L88>
     4d2:	80 91 f1 00 	lds	r24, 0x00F1	; 0x8000f1 <CurrState_Heater>
     4d6:	81 30       	cpi	r24, 0x01	; 1
     4d8:	29 f4       	brne	.+10     	; 0x4e4 <.L73>
     4da:	80 91 f5 00 	lds	r24, 0x00F5	; 0x8000f5 <PrevState_Heater>
     4de:	81 15       	cp	r24, r1
     4e0:	09 f4       	brne	.+2      	; 0x4e4 <.L73>

000004e2 <L0^A>:
     4e2:	82 c0       	rjmp	.+260    	; 0x5e8 <.L56>

000004e4 <.L73>:
     4e4:	80 91 f0 00 	lds	r24, 0x00F0	; 0x8000f0 <CurrState_Pump>

000004e8 <.L29>:
     4e8:	81 30       	cpi	r24, 0x01	; 1
     4ea:	09 f0       	breq	.+2      	; 0x4ee <L0^A+0x2>

000004ec <L0^A>:
     4ec:	00 cf       	rjmp	.-512    	; 0x2ee <.L33>
     4ee:	80 91 f4 00 	lds	r24, 0x00F4	; 0x8000f4 <PrevState_Pump>
     4f2:	81 11       	cpse	r24, r1
     4f4:	fc ce       	rjmp	.-520    	; 0x2ee <.L33>

000004f6 <.L60>:
     4f6:	0e 94 3c 07 	call	0xe78	; 0xe78 <WaterPump_Toggle>
     4fa:	f9 ce       	rjmp	.-526    	; 0x2ee <.L33>

000004fc <.L25>:
     4fc:	84 e0       	ldi	r24, 0x04	; 4
     4fe:	80 93 fe 00 	sts	0x00FE, r24	; 0x8000fe <CurrentState>
     502:	10 92 ff 00 	sts	0x00FF, r1	; 0x8000ff <CurrentState+0x1>
     506:	88 ce       	rjmp	.-752    	; 0x218 <.L6>

00000508 <.L53>:
     508:	41 e0       	ldi	r20, 0x01	; 1
     50a:	65 e0       	ldi	r22, 0x05	; 5
     50c:	83 e0       	ldi	r24, 0x03	; 3
     50e:	0e 94 3f 06 	call	0xc7e	; 0xc7e <Led_on>
     512:	0e 94 63 07 	call	0xec6	; 0xec6 <WaterPump_On>
     516:	80 91 fb 00 	lds	r24, 0x00FB	; 0x8000fb <Moist>
     51a:	80 31       	cpi	r24, 0x10	; 16
     51c:	08 f4       	brcc	.+2      	; 0x520 <L0^A+0x2>

0000051e <L0^A>:
     51e:	7c ce       	rjmp	.-776    	; 0x218 <.L6>
     520:	a7 ce       	rjmp	.-690    	; 0x270 <.L55>

00000522 <.L23>:
     522:	0e 94 78 07 	call	0xef0	; 0xef0 <WaterPump_Off>
     526:	13 cf       	rjmp	.-474    	; 0x34e <.L24>

00000528 <.L22>:
     528:	0e 94 86 07 	call	0xf0c	; 0xf0c <Fan_Off>
     52c:	0e 94 7f 07 	call	0xefe	; 0xefe <Heater_Off>
     530:	05 cf       	rjmp	.-502    	; 0x33c <.L21>

00000532 <.L38>:
     532:	09 f0       	breq	.+2      	; 0x536 <L0^A+0x2>

00000534 <L0^A>:
     534:	2e cf       	rjmp	.-420    	; 0x392 <.L37>
     536:	90 ed       	ldi	r25, 0xD0	; 208
     538:	98 0f       	add	r25, r24
     53a:	9a 30       	cpi	r25, 0x0A	; 10
     53c:	08 f0       	brcs	.+2      	; 0x540 <L0^A+0x2>

0000053e <L0^A>:
     53e:	79 c0       	rjmp	.+242    	; 0x632 <.L41>
     540:	40 91 f6 00 	lds	r20, 0x00F6	; 0x8000f6 <TempValue>
     544:	50 91 f7 00 	lds	r21, 0x00F7	; 0x8000f7 <TempValue+0x1>
     548:	9a 01       	movw	r18, r20
     54a:	22 0f       	add	r18, r18
     54c:	33 1f       	adc	r19, r19
     54e:	22 0f       	add	r18, r18
     550:	33 1f       	adc	r19, r19
     552:	24 0f       	add	r18, r20
     554:	35 1f       	adc	r19, r21
     556:	22 0f       	add	r18, r18
     558:	33 1f       	adc	r19, r19
     55a:	20 53       	subi	r18, 0x30	; 48
     55c:	31 09       	sbc	r19, r1
     55e:	28 0f       	add	r18, r24
     560:	31 1d       	adc	r19, r1
     562:	20 93 f6 00 	sts	0x00F6, r18	; 0x8000f6 <TempValue>
     566:	30 93 f7 00 	sts	0x00F7, r19	; 0x8000f7 <TempValue+0x1>
     56a:	81 e0       	ldi	r24, 0x01	; 1
     56c:	80 93 6c 00 	sts	0x006C, r24	; 0x80006c <NeedDisplayUpdate>
     570:	15 cf       	rjmp	.-470    	; 0x39c <.L40>

00000572 <.L78>:
     572:	41 e0       	ldi	r20, 0x01	; 1
     574:	64 e0       	ldi	r22, 0x04	; 4
     576:	83 e0       	ldi	r24, 0x03	; 3
     578:	0e 94 3f 06 	call	0xc7e	; 0xc7e <Led_on>
     57c:	0e 94 6a 07 	call	0xed4	; 0xed4 <Heater_On>
     580:	0e 94 86 07 	call	0xf0c	; 0xf0c <Fan_Off>
     584:	70 ce       	rjmp	.-800    	; 0x266 <.L52>

00000586 <.L35>:
     586:	0e 94 b1 03 	call	0x762	; 0x762 <KPD_GetButtonValue>
     58a:	8a 32       	cpi	r24, 0x2A	; 42
     58c:	09 f0       	breq	.+2      	; 0x590 <L0^A+0x2>

0000058e <L0^A>:
     58e:	bd ce       	rjmp	.-646    	; 0x30a <.L36>
     590:	0e 94 86 07 	call	0xf0c	; 0xf0c <Fan_Off>
     594:	0e 94 7f 07 	call	0xefe	; 0xefe <Heater_Off>
     598:	0e 94 78 07 	call	0xef0	; 0xef0 <WaterPump_Off>
     59c:	83 e0       	ldi	r24, 0x03	; 3
     59e:	80 93 fe 00 	sts	0x00FE, r24	; 0x8000fe <CurrentState>
     5a2:	10 92 ff 00 	sts	0x00FF, r1	; 0x8000ff <CurrentState+0x1>
     5a6:	b1 ce       	rjmp	.-670    	; 0x30a <.L36>

000005a8 <.L39>:
     5a8:	8a 32       	cpi	r24, 0x2A	; 42
     5aa:	09 f0       	breq	.+2      	; 0x5ae <L0^A+0x2>

000005ac <L0^A>:
     5ac:	f2 ce       	rjmp	.-540    	; 0x392 <.L37>
     5ae:	10 92 fe 00 	sts	0x00FE, r1	; 0x8000fe <CurrentState>
     5b2:	10 92 ff 00 	sts	0x00FF, r1	; 0x8000ff <CurrentState+0x1>
     5b6:	81 e0       	ldi	r24, 0x01	; 1
     5b8:	80 93 6c 00 	sts	0x006C, r24	; 0x80006c <NeedDisplayUpdate>
     5bc:	0e 94 a8 05 	call	0xb50	; 0xb50 <LCD_Clear>
     5c0:	e8 ce       	rjmp	.-560    	; 0x392 <.L37>

000005c2 <.L83>:
     5c2:	60 e0       	ldi	r22, 0x00	; 0
     5c4:	80 e0       	ldi	r24, 0x00	; 0
     5c6:	0e 94 72 05 	call	0xae4	; 0xae4 <LCD_GotoXY>
     5ca:	68 e3       	ldi	r22, 0x38	; 56
     5cc:	86 eb       	ldi	r24, 0xB6	; 182
     5ce:	90 e0       	ldi	r25, 0x00	; 0
     5d0:	0e 94 4e 05 	call	0xa9c	; 0xa9c <LCD_WriteString>
     5d4:	60 e0       	ldi	r22, 0x00	; 0
     5d6:	81 e0       	ldi	r24, 0x01	; 1
     5d8:	0e 94 72 05 	call	0xae4	; 0xae4 <LCD_GotoXY>
     5dc:	68 e3       	ldi	r22, 0x38	; 56
     5de:	88 ec       	ldi	r24, 0xC8	; 200
     5e0:	90 e0       	ldi	r25, 0x00	; 0
     5e2:	0e 94 4e 05 	call	0xa9c	; 0xa9c <LCD_WriteString>
     5e6:	e5 ce       	rjmp	.-566    	; 0x3b2 <.L49>

000005e8 <.L56>:
     5e8:	61 e0       	ldi	r22, 0x01	; 1
     5ea:	83 e0       	ldi	r24, 0x03	; 3
     5ec:	0e 94 63 03 	call	0x6c6	; 0x6c6 <Button_GetState>
     5f0:	81 11       	cpse	r24, r1
     5f2:	78 cf       	rjmp	.-272    	; 0x4e4 <.L73>
     5f4:	0e 94 86 07 	call	0xf0c	; 0xf0c <Fan_Off>
     5f8:	0e 94 49 07 	call	0xe92	; 0xe92 <Heater_Toggle>
     5fc:	73 cf       	rjmp	.-282    	; 0x4e4 <.L73>

000005fe <.L88>:
     5fe:	0e 94 56 07 	call	0xeac	; 0xeac <Fan_Toggle>
     602:	0e 94 7f 07 	call	0xefe	; 0xefe <Heater_Off>
     606:	80 91 f0 00 	lds	r24, 0x00F0	; 0x8000f0 <CurrState_Pump>
     60a:	6e cf       	rjmp	.-292    	; 0x4e8 <.L29>

0000060c <.L84>:
     60c:	60 e0       	ldi	r22, 0x00	; 0
     60e:	80 e0       	ldi	r24, 0x00	; 0
     610:	0e 94 72 05 	call	0xae4	; 0xae4 <LCD_GotoXY>
     614:	68 e3       	ldi	r22, 0x38	; 56
     616:	8b ed       	ldi	r24, 0xDB	; 219
     618:	90 e0       	ldi	r25, 0x00	; 0
     61a:	0e 94 4e 05 	call	0xa9c	; 0xa9c <LCD_WriteString>
     61e:	60 e0       	ldi	r22, 0x00	; 0
     620:	81 e0       	ldi	r24, 0x01	; 1
     622:	0e 94 72 05 	call	0xae4	; 0xae4 <LCD_GotoXY>
     626:	68 e3       	ldi	r22, 0x38	; 56
     628:	80 91 f6 00 	lds	r24, 0x00F6	; 0x8000f6 <TempValue>
     62c:	0e 94 cd 05 	call	0xb9a	; 0xb9a <LCD_WriteNumber>
     630:	c0 ce       	rjmp	.-640    	; 0x3b2 <.L49>

00000632 <.L41>:
     632:	8a 32       	cpi	r24, 0x2A	; 42
     634:	59 f0       	breq	.+22     	; 0x64c <.L89>
     636:	83 32       	cpi	r24, 0x23	; 35
     638:	09 f0       	breq	.+2      	; 0x63c <L0^A+0x2>

0000063a <L0^A>:
     63a:	ab ce       	rjmp	.-682    	; 0x392 <.L37>
     63c:	10 92 f9 00 	sts	0x00F9, r1	; 0x8000f9 <MenuState>
     640:	10 92 fa 00 	sts	0x00FA, r1	; 0x8000fa <MenuState+0x1>
     644:	81 e0       	ldi	r24, 0x01	; 1
     646:	80 93 6c 00 	sts	0x006C, r24	; 0x80006c <NeedDisplayUpdate>
     64a:	a8 ce       	rjmp	.-688    	; 0x39c <.L40>

0000064c <.L89>:
     64c:	80 91 f8 00 	lds	r24, 0x00F8	; 0x8000f8 <UserSelection>
     650:	83 30       	cpi	r24, 0x03	; 3
     652:	c1 f0       	breq	.+48     	; 0x684 <.L43>
     654:	50 f4       	brcc	.+20     	; 0x66a <.L44>
     656:	81 30       	cpi	r24, 0x01	; 1
     658:	d1 f0       	breq	.+52     	; 0x68e <.L45>
     65a:	82 30       	cpi	r24, 0x02	; 2
     65c:	09 f0       	breq	.+2      	; 0x660 <L0^A+0x2>

0000065e <L0^A>:
     65e:	99 ce       	rjmp	.-718    	; 0x392 <.L37>
     660:	80 91 f6 00 	lds	r24, 0x00F6	; 0x8000f6 <TempValue>
     664:	80 93 6e 00 	sts	0x006E, r24	; 0x80006e <MinTemp>
     668:	94 ce       	rjmp	.-728    	; 0x392 <.L37>

0000066a <.L44>:
     66a:	85 30       	cpi	r24, 0x05	; 5
     66c:	09 f0       	breq	.+2      	; 0x670 <L0^A+0x2>

0000066e <L0^A>:
     66e:	91 ce       	rjmp	.-734    	; 0x392 <.L37>
     670:	80 91 f6 00 	lds	r24, 0x00F6	; 0x8000f6 <TempValue>
     674:	90 91 f7 00 	lds	r25, 0x00F7	; 0x8000f7 <TempValue+0x1>
     678:	01 97       	sbiw	r24, 0x01	; 1
     67a:	71 f0       	breq	.+28     	; 0x698 <.L90>
     67c:	81 e0       	ldi	r24, 0x01	; 1
     67e:	80 93 70 00 	sts	0x0070, r24	; 0x800070 <ControlMode>
     682:	87 ce       	rjmp	.-754    	; 0x392 <.L37>

00000684 <.L43>:
     684:	80 91 f6 00 	lds	r24, 0x00F6	; 0x8000f6 <TempValue>
     688:	80 93 6d 00 	sts	0x006D, r24	; 0x80006d <MinMoist>
     68c:	82 ce       	rjmp	.-764    	; 0x392 <.L37>

0000068e <.L45>:
     68e:	80 91 f6 00 	lds	r24, 0x00F6	; 0x8000f6 <TempValue>
     692:	80 93 6f 00 	sts	0x006F, r24	; 0x80006f <MaxTemp>
     696:	7d ce       	rjmp	.-774    	; 0x392 <.L37>

00000698 <.L90>:
     698:	82 e0       	ldi	r24, 0x02	; 2
     69a:	80 93 70 00 	sts	0x0070, r24	; 0x800070 <ControlMode>
     69e:	79 ce       	rjmp	.-782    	; 0x392 <.L37>

000006a0 <Button_Init>:
     6a0:	cf 93       	push	r28
     6a2:	df 93       	push	r29
     6a4:	00 d0       	rcall	.+0      	; 0x6a6 <L0^A>

000006a6 <L0^A>:
     6a6:	cd b7       	in	r28, 0x3d	; 61
     6a8:	de b7       	in	r29, 0x3e	; 62
     6aa:	89 83       	std	Y+1, r24	; 0x01
     6ac:	6a 83       	std	Y+2, r22	; 0x02
     6ae:	40 e0       	ldi	r20, 0x00	; 0
     6b0:	0e 94 03 08 	call	0x1006	; 0x1006 <DIO_InitPin>
     6b4:	40 e0       	ldi	r20, 0x00	; 0
     6b6:	6a 81       	ldd	r22, Y+2	; 0x02
     6b8:	89 81       	ldd	r24, Y+1	; 0x01
     6ba:	0f 90       	pop	r0
     6bc:	0f 90       	pop	r0
     6be:	df 91       	pop	r29
     6c0:	cf 91       	pop	r28
     6c2:	0c 94 51 08 	jmp	0x10a2	; 0x10a2 <DIO_WritePin>

000006c6 <Button_GetState>:
     6c6:	90 e0       	ldi	r25, 0x00	; 0
     6c8:	02 c0       	rjmp	.+4      	; 0x6ce <.L2^B1>

000006ca <.L1^B1>:
     6ca:	95 95       	asr	r25
     6cc:	87 95       	ror	r24

000006ce <.L2^B1>:
     6ce:	6a 95       	dec	r22
     6d0:	e2 f7       	brpl	.-8      	; 0x6ca <.L1^B1>
     6d2:	81 70       	andi	r24, 0x01	; 1
     6d4:	08 95       	ret

000006d6 <KPD_Init>:
     6d6:	41 e0       	ldi	r20, 0x01	; 1
     6d8:	60 e0       	ldi	r22, 0x00	; 0
     6da:	82 e0       	ldi	r24, 0x02	; 2
     6dc:	0e 94 03 08 	call	0x1006	; 0x1006 <DIO_InitPin>
     6e0:	41 e0       	ldi	r20, 0x01	; 1
     6e2:	61 e0       	ldi	r22, 0x01	; 1
     6e4:	82 e0       	ldi	r24, 0x02	; 2
     6e6:	0e 94 03 08 	call	0x1006	; 0x1006 <DIO_InitPin>
     6ea:	41 e0       	ldi	r20, 0x01	; 1
     6ec:	62 e0       	ldi	r22, 0x02	; 2
     6ee:	82 e0       	ldi	r24, 0x02	; 2
     6f0:	0e 94 03 08 	call	0x1006	; 0x1006 <DIO_InitPin>
     6f4:	41 e0       	ldi	r20, 0x01	; 1
     6f6:	60 e0       	ldi	r22, 0x00	; 0
     6f8:	82 e0       	ldi	r24, 0x02	; 2
     6fa:	0e 94 51 08 	call	0x10a2	; 0x10a2 <DIO_WritePin>
     6fe:	41 e0       	ldi	r20, 0x01	; 1
     700:	61 e0       	ldi	r22, 0x01	; 1
     702:	82 e0       	ldi	r24, 0x02	; 2
     704:	0e 94 51 08 	call	0x10a2	; 0x10a2 <DIO_WritePin>
     708:	41 e0       	ldi	r20, 0x01	; 1
     70a:	62 e0       	ldi	r22, 0x02	; 2
     70c:	82 e0       	ldi	r24, 0x02	; 2
     70e:	0e 94 51 08 	call	0x10a2	; 0x10a2 <DIO_WritePin>
     712:	40 e0       	ldi	r20, 0x00	; 0
     714:	63 e0       	ldi	r22, 0x03	; 3
     716:	82 e0       	ldi	r24, 0x02	; 2
     718:	0e 94 03 08 	call	0x1006	; 0x1006 <DIO_InitPin>
     71c:	40 e0       	ldi	r20, 0x00	; 0
     71e:	64 e0       	ldi	r22, 0x04	; 4
     720:	82 e0       	ldi	r24, 0x02	; 2
     722:	0e 94 03 08 	call	0x1006	; 0x1006 <DIO_InitPin>
     726:	40 e0       	ldi	r20, 0x00	; 0
     728:	65 e0       	ldi	r22, 0x05	; 5
     72a:	82 e0       	ldi	r24, 0x02	; 2
     72c:	0e 94 03 08 	call	0x1006	; 0x1006 <DIO_InitPin>
     730:	40 e0       	ldi	r20, 0x00	; 0
     732:	66 e0       	ldi	r22, 0x06	; 6
     734:	82 e0       	ldi	r24, 0x02	; 2
     736:	0e 94 03 08 	call	0x1006	; 0x1006 <DIO_InitPin>
     73a:	41 e0       	ldi	r20, 0x01	; 1
     73c:	63 e0       	ldi	r22, 0x03	; 3
     73e:	82 e0       	ldi	r24, 0x02	; 2
     740:	0e 94 51 08 	call	0x10a2	; 0x10a2 <DIO_WritePin>
     744:	41 e0       	ldi	r20, 0x01	; 1
     746:	64 e0       	ldi	r22, 0x04	; 4
     748:	82 e0       	ldi	r24, 0x02	; 2
     74a:	0e 94 51 08 	call	0x10a2	; 0x10a2 <DIO_WritePin>
     74e:	41 e0       	ldi	r20, 0x01	; 1
     750:	65 e0       	ldi	r22, 0x05	; 5
     752:	82 e0       	ldi	r24, 0x02	; 2
     754:	0e 94 51 08 	call	0x10a2	; 0x10a2 <DIO_WritePin>
     758:	41 e0       	ldi	r20, 0x01	; 1
     75a:	66 e0       	ldi	r22, 0x06	; 6
     75c:	82 e0       	ldi	r24, 0x02	; 2
     75e:	0c 94 51 08 	jmp	0x10a2	; 0x10a2 <DIO_WritePin>

00000762 <KPD_GetButtonValue>:
     762:	0f 93       	push	r16
     764:	1f 93       	push	r17
     766:	cf 93       	push	r28
     768:	df 93       	push	r29
     76a:	0f 92       	push	r0
     76c:	cd b7       	in	r28, 0x3d	; 61
     76e:	de b7       	in	r29, 0x3e	; 62
     770:	19 82       	std	Y+1, r1	; 0x01
     772:	00 e0       	ldi	r16, 0x00	; 0

00000774 <.L7>:
     774:	40 e0       	ldi	r20, 0x00	; 0
     776:	60 2f       	mov	r22, r16
     778:	82 e0       	ldi	r24, 0x02	; 2
     77a:	0e 94 51 08 	call	0x10a2	; 0x10a2 <DIO_WritePin>
     77e:	13 e0       	ldi	r17, 0x03	; 3

00000780 <.L6>:
     780:	ae 01       	movw	r20, r28
     782:	4f 5f       	subi	r20, 0xFF	; 255
     784:	5f 4f       	sbci	r21, 0xFF	; 255
     786:	61 2f       	mov	r22, r17
     788:	82 e0       	ldi	r24, 0x02	; 2
     78a:	0e 94 9f 08 	call	0x113e	; 0x113e <DIO_ReadPin>
     78e:	89 81       	ldd	r24, Y+1	; 0x01
     790:	81 15       	cp	r24, r1
     792:	91 f0       	breq	.+36     	; 0x7b8 <.L10>
     794:	1f 5f       	subi	r17, 0xFF	; 255
     796:	17 30       	cpi	r17, 0x07	; 7
     798:	99 f7       	brne	.-26     	; 0x780 <.L6>
     79a:	41 e0       	ldi	r20, 0x01	; 1
     79c:	60 2f       	mov	r22, r16
     79e:	82 e0       	ldi	r24, 0x02	; 2
     7a0:	0e 94 51 08 	call	0x10a2	; 0x10a2 <DIO_WritePin>
     7a4:	0f 5f       	subi	r16, 0xFF	; 255
     7a6:	03 30       	cpi	r16, 0x03	; 3
     7a8:	29 f7       	brne	.-54     	; 0x774 <.L7>
     7aa:	8f ef       	ldi	r24, 0xFF	; 255
     7ac:	0f 90       	pop	r0
     7ae:	df 91       	pop	r29
     7b0:	cf 91       	pop	r28
     7b2:	1f 91       	pop	r17
     7b4:	0f 91       	pop	r16
     7b6:	08 95       	ret

000007b8 <.L10>:
     7b8:	81 2f       	mov	r24, r17
     7ba:	83 50       	subi	r24, 0x03	; 3
     7bc:	99 0b       	sbc	r25, r25
     7be:	bc 01       	movw	r22, r24
     7c0:	88 0f       	add	r24, r24
     7c2:	99 1f       	adc	r25, r25
     7c4:	86 0f       	add	r24, r22
     7c6:	97 1f       	adc	r25, r23
     7c8:	8f 58       	subi	r24, 0x8F	; 143
     7ca:	9f 4f       	sbci	r25, 0xFF	; 255
     7cc:	fc 01       	movw	r30, r24
     7ce:	e0 0f       	add	r30, r16
     7d0:	f1 1d       	adc	r31, r1
     7d2:	80 81       	ld	r24, Z
     7d4:	0f 90       	pop	r0
     7d6:	df 91       	pop	r29
     7d8:	cf 91       	pop	r28
     7da:	1f 91       	pop	r17
     7dc:	0f 91       	pop	r16
     7de:	08 95       	ret

000007e0 <LCD_WriteData>:
     7e0:	cf 93       	push	r28
     7e2:	df 93       	push	r29
     7e4:	0f 92       	push	r0
     7e6:	cd b7       	in	r28, 0x3d	; 61
     7e8:	de b7       	in	r29, 0x3e	; 62
     7ea:	89 83       	std	Y+1, r24	; 0x01
     7ec:	61 30       	cpi	r22, 0x01	; 1
     7ee:	81 f1       	breq	.+96     	; 0x850 <.L5>
     7f0:	58 f5       	brcc	.+86     	; 0x848 <.L1>
     7f2:	c0 9a       	sbi	0x18, 0	; 24
     7f4:	c1 98       	cbi	0x18, 1	; 24
     7f6:	88 b3       	in	r24, 0x18	; 24
     7f8:	8f 70       	andi	r24, 0x0F	; 15
     7fa:	99 81       	ldd	r25, Y+1	; 0x01
     7fc:	90 7f       	andi	r25, 0xF0	; 240
     7fe:	89 2b       	or	r24, r25
     800:	88 bb       	out	0x18, r24	; 24
     802:	c2 9a       	sbi	0x18, 2	; 24
     804:	8b ed       	ldi	r24, 0xDB	; 219
     806:	95 e0       	ldi	r25, 0x05	; 5

00000808 <.L1^B1>:
     808:	01 97       	sbiw	r24, 0x01	; 1
     80a:	f1 f7       	brne	.-4      	; 0x808 <.L1^B1>
     80c:	00 c0       	rjmp	.+0      	; 0x80e <L0^A>

0000080e <L0^A>:
     80e:	00 00       	nop
     810:	c2 98       	cbi	0x18, 2	; 24
     812:	8b ed       	ldi	r24, 0xDB	; 219
     814:	95 e0       	ldi	r25, 0x05	; 5

00000816 <.L1^B2>:
     816:	01 97       	sbiw	r24, 0x01	; 1
     818:	f1 f7       	brne	.-4      	; 0x816 <.L1^B2>
     81a:	00 c0       	rjmp	.+0      	; 0x81c <L0^A>

0000081c <L0^A>:
     81c:	00 00       	nop
     81e:	98 b3       	in	r25, 0x18	; 24
     820:	89 81       	ldd	r24, Y+1	; 0x01
     822:	82 95       	swap	r24
     824:	80 7f       	andi	r24, 0xF0	; 240
     826:	9f 70       	andi	r25, 0x0F	; 15
     828:	89 2b       	or	r24, r25
     82a:	88 bb       	out	0x18, r24	; 24
     82c:	c2 9a       	sbi	0x18, 2	; 24
     82e:	8b ed       	ldi	r24, 0xDB	; 219
     830:	95 e0       	ldi	r25, 0x05	; 5

00000832 <.L1^B3>:
     832:	01 97       	sbiw	r24, 0x01	; 1
     834:	f1 f7       	brne	.-4      	; 0x832 <.L1^B3>
     836:	00 c0       	rjmp	.+0      	; 0x838 <L0^A>

00000838 <L0^A>:
     838:	00 00       	nop
     83a:	c2 98       	cbi	0x18, 2	; 24
     83c:	87 eb       	ldi	r24, 0xB7	; 183
     83e:	9b e0       	ldi	r25, 0x0B	; 11

00000840 <.L1^B4>:
     840:	01 97       	sbiw	r24, 0x01	; 1
     842:	f1 f7       	brne	.-4      	; 0x840 <.L1^B4>
     844:	00 c0       	rjmp	.+0      	; 0x846 <L0^A>

00000846 <L0^A>:
	...

00000848 <.L1>:
     848:	0f 90       	pop	r0
     84a:	df 91       	pop	r29
     84c:	cf 91       	pop	r28
     84e:	08 95       	ret

00000850 <.L5>:
     850:	41 e0       	ldi	r20, 0x01	; 1
     852:	60 e0       	ldi	r22, 0x00	; 0
     854:	80 e0       	ldi	r24, 0x00	; 0
     856:	0e 94 51 08 	call	0x10a2	; 0x10a2 <DIO_WritePin>
     85a:	40 e0       	ldi	r20, 0x00	; 0
     85c:	61 e0       	ldi	r22, 0x01	; 1
     85e:	80 e0       	ldi	r24, 0x00	; 0
     860:	0e 94 51 08 	call	0x10a2	; 0x10a2 <DIO_WritePin>
     864:	69 81       	ldd	r22, Y+1	; 0x01
     866:	82 e0       	ldi	r24, 0x02	; 2
     868:	0e 94 8f 08 	call	0x111e	; 0x111e <DIO_WriteGroup>
     86c:	41 e0       	ldi	r20, 0x01	; 1
     86e:	62 e0       	ldi	r22, 0x02	; 2
     870:	80 e0       	ldi	r24, 0x00	; 0
     872:	0e 94 51 08 	call	0x10a2	; 0x10a2 <DIO_WritePin>
     876:	8b ed       	ldi	r24, 0xDB	; 219
     878:	95 e0       	ldi	r25, 0x05	; 5

0000087a <.L1^B5>:
     87a:	01 97       	sbiw	r24, 0x01	; 1
     87c:	f1 f7       	brne	.-4      	; 0x87a <.L1^B5>
     87e:	00 c0       	rjmp	.+0      	; 0x880 <L0^A>

00000880 <L0^A>:
     880:	00 00       	nop
     882:	40 e0       	ldi	r20, 0x00	; 0
     884:	62 e0       	ldi	r22, 0x02	; 2
     886:	80 e0       	ldi	r24, 0x00	; 0
     888:	0f 90       	pop	r0
     88a:	df 91       	pop	r29
     88c:	cf 91       	pop	r28
     88e:	0c 94 51 08 	jmp	0x10a2	; 0x10a2 <DIO_WritePin>

00000892 <LCD_WriteInstruction>:
     892:	cf 93       	push	r28
     894:	df 93       	push	r29
     896:	0f 92       	push	r0
     898:	cd b7       	in	r28, 0x3d	; 61
     89a:	de b7       	in	r29, 0x3e	; 62
     89c:	89 83       	std	Y+1, r24	; 0x01
     89e:	61 30       	cpi	r22, 0x01	; 1
     8a0:	81 f1       	breq	.+96     	; 0x902 <.L9>
     8a2:	58 f5       	brcc	.+86     	; 0x8fa <.L6>
     8a4:	c0 98       	cbi	0x18, 0	; 24
     8a6:	c1 98       	cbi	0x18, 1	; 24
     8a8:	88 b3       	in	r24, 0x18	; 24
     8aa:	8f 70       	andi	r24, 0x0F	; 15
     8ac:	99 81       	ldd	r25, Y+1	; 0x01
     8ae:	90 7f       	andi	r25, 0xF0	; 240
     8b0:	89 2b       	or	r24, r25
     8b2:	88 bb       	out	0x18, r24	; 24
     8b4:	c2 9a       	sbi	0x18, 2	; 24
     8b6:	8b ed       	ldi	r24, 0xDB	; 219
     8b8:	95 e0       	ldi	r25, 0x05	; 5

000008ba <.L1^B6>:
     8ba:	01 97       	sbiw	r24, 0x01	; 1
     8bc:	f1 f7       	brne	.-4      	; 0x8ba <.L1^B6>
     8be:	00 c0       	rjmp	.+0      	; 0x8c0 <L0^A>

000008c0 <L0^A>:
     8c0:	00 00       	nop
     8c2:	c2 98       	cbi	0x18, 2	; 24
     8c4:	8b ed       	ldi	r24, 0xDB	; 219
     8c6:	95 e0       	ldi	r25, 0x05	; 5

000008c8 <.L1^B7>:
     8c8:	01 97       	sbiw	r24, 0x01	; 1
     8ca:	f1 f7       	brne	.-4      	; 0x8c8 <.L1^B7>
     8cc:	00 c0       	rjmp	.+0      	; 0x8ce <L0^A>

000008ce <L0^A>:
     8ce:	00 00       	nop
     8d0:	98 b3       	in	r25, 0x18	; 24
     8d2:	89 81       	ldd	r24, Y+1	; 0x01
     8d4:	82 95       	swap	r24
     8d6:	80 7f       	andi	r24, 0xF0	; 240
     8d8:	9f 70       	andi	r25, 0x0F	; 15
     8da:	89 2b       	or	r24, r25
     8dc:	88 bb       	out	0x18, r24	; 24
     8de:	c2 9a       	sbi	0x18, 2	; 24
     8e0:	8b ed       	ldi	r24, 0xDB	; 219
     8e2:	95 e0       	ldi	r25, 0x05	; 5

000008e4 <.L1^B8>:
     8e4:	01 97       	sbiw	r24, 0x01	; 1
     8e6:	f1 f7       	brne	.-4      	; 0x8e4 <.L1^B8>
     8e8:	00 c0       	rjmp	.+0      	; 0x8ea <L0^A>

000008ea <L0^A>:
     8ea:	00 00       	nop
     8ec:	c2 98       	cbi	0x18, 2	; 24
     8ee:	87 eb       	ldi	r24, 0xB7	; 183
     8f0:	9b e0       	ldi	r25, 0x0B	; 11

000008f2 <.L1^B9>:
     8f2:	01 97       	sbiw	r24, 0x01	; 1
     8f4:	f1 f7       	brne	.-4      	; 0x8f2 <.L1^B9>
     8f6:	00 c0       	rjmp	.+0      	; 0x8f8 <L0^A>

000008f8 <L0^A>:
	...

000008fa <.L6>:
     8fa:	0f 90       	pop	r0
     8fc:	df 91       	pop	r29
     8fe:	cf 91       	pop	r28
     900:	08 95       	ret

00000902 <.L9>:
     902:	40 e0       	ldi	r20, 0x00	; 0
     904:	60 e0       	ldi	r22, 0x00	; 0
     906:	80 e0       	ldi	r24, 0x00	; 0
     908:	0e 94 51 08 	call	0x10a2	; 0x10a2 <DIO_WritePin>
     90c:	40 e0       	ldi	r20, 0x00	; 0
     90e:	61 e0       	ldi	r22, 0x01	; 1
     910:	80 e0       	ldi	r24, 0x00	; 0
     912:	0e 94 51 08 	call	0x10a2	; 0x10a2 <DIO_WritePin>
     916:	69 81       	ldd	r22, Y+1	; 0x01
     918:	82 e0       	ldi	r24, 0x02	; 2
     91a:	0e 94 8f 08 	call	0x111e	; 0x111e <DIO_WriteGroup>
     91e:	41 e0       	ldi	r20, 0x01	; 1
     920:	62 e0       	ldi	r22, 0x02	; 2
     922:	80 e0       	ldi	r24, 0x00	; 0
     924:	0e 94 51 08 	call	0x10a2	; 0x10a2 <DIO_WritePin>
     928:	8b ed       	ldi	r24, 0xDB	; 219
     92a:	95 e0       	ldi	r25, 0x05	; 5

0000092c <.L1^B10>:
     92c:	01 97       	sbiw	r24, 0x01	; 1
     92e:	f1 f7       	brne	.-4      	; 0x92c <.L1^B10>
     930:	00 c0       	rjmp	.+0      	; 0x932 <L0^A>

00000932 <L0^A>:
     932:	00 00       	nop
     934:	40 e0       	ldi	r20, 0x00	; 0
     936:	62 e0       	ldi	r22, 0x02	; 2
     938:	80 e0       	ldi	r24, 0x00	; 0
     93a:	0f 90       	pop	r0
     93c:	df 91       	pop	r29
     93e:	cf 91       	pop	r28
     940:	0c 94 51 08 	jmp	0x10a2	; 0x10a2 <DIO_WritePin>

00000944 <LCD_Init>:
     944:	81 30       	cpi	r24, 0x01	; 1
     946:	09 f4       	brne	.+2      	; 0x94a <L0^A+0x2>

00000948 <L0^A>:
     948:	67 c0       	rjmp	.+206    	; 0xa18 <.L13>
     94a:	08 f0       	brcs	.+2      	; 0x94e <.L14>
     94c:	08 95       	ret

0000094e <.L14>:
     94e:	41 e0       	ldi	r20, 0x01	; 1
     950:	60 e0       	ldi	r22, 0x00	; 0
     952:	0e 94 03 08 	call	0x1006	; 0x1006 <DIO_InitPin>
     956:	41 e0       	ldi	r20, 0x01	; 1
     958:	61 e0       	ldi	r22, 0x01	; 1
     95a:	80 e0       	ldi	r24, 0x00	; 0
     95c:	0e 94 03 08 	call	0x1006	; 0x1006 <DIO_InitPin>
     960:	41 e0       	ldi	r20, 0x01	; 1
     962:	62 e0       	ldi	r22, 0x02	; 2
     964:	80 e0       	ldi	r24, 0x00	; 0
     966:	0e 94 03 08 	call	0x1006	; 0x1006 <DIO_InitPin>
     96a:	41 e0       	ldi	r20, 0x01	; 1
     96c:	64 e0       	ldi	r22, 0x04	; 4
     96e:	82 e0       	ldi	r24, 0x02	; 2
     970:	0e 94 03 08 	call	0x1006	; 0x1006 <DIO_InitPin>
     974:	41 e0       	ldi	r20, 0x01	; 1
     976:	65 e0       	ldi	r22, 0x05	; 5
     978:	82 e0       	ldi	r24, 0x02	; 2
     97a:	0e 94 03 08 	call	0x1006	; 0x1006 <DIO_InitPin>
     97e:	41 e0       	ldi	r20, 0x01	; 1
     980:	66 e0       	ldi	r22, 0x06	; 6
     982:	82 e0       	ldi	r24, 0x02	; 2
     984:	0e 94 03 08 	call	0x1006	; 0x1006 <DIO_InitPin>
     988:	41 e0       	ldi	r20, 0x01	; 1
     98a:	67 e0       	ldi	r22, 0x07	; 7
     98c:	82 e0       	ldi	r24, 0x02	; 2
     98e:	0e 94 03 08 	call	0x1006	; 0x1006 <DIO_InitPin>
     992:	83 e1       	ldi	r24, 0x13	; 19
     994:	9d ec       	ldi	r25, 0xCD	; 205

00000996 <.L1^B11>:
     996:	01 97       	sbiw	r24, 0x01	; 1
     998:	f1 f7       	brne	.-4      	; 0x996 <.L1^B11>
     99a:	00 c0       	rjmp	.+0      	; 0x99c <L0^A>

0000099c <L0^A>:
     99c:	00 00       	nop
     99e:	60 e0       	ldi	r22, 0x00	; 0
     9a0:	83 e3       	ldi	r24, 0x33	; 51
     9a2:	0e 94 49 04 	call	0x892	; 0x892 <LCD_WriteInstruction>
     9a6:	8b e4       	ldi	r24, 0x4B	; 75
     9a8:	9d e1       	ldi	r25, 0x1D	; 29

000009aa <.L1^B12>:
     9aa:	01 97       	sbiw	r24, 0x01	; 1
     9ac:	f1 f7       	brne	.-4      	; 0x9aa <.L1^B12>
     9ae:	00 c0       	rjmp	.+0      	; 0x9b0 <L0^A>

000009b0 <L0^A>:
     9b0:	00 00       	nop
     9b2:	60 e0       	ldi	r22, 0x00	; 0
     9b4:	82 e3       	ldi	r24, 0x32	; 50
     9b6:	0e 94 49 04 	call	0x892	; 0x892 <LCD_WriteInstruction>
     9ba:	8b ed       	ldi	r24, 0xDB	; 219
     9bc:	95 e0       	ldi	r25, 0x05	; 5

000009be <.L1^B13>:
     9be:	01 97       	sbiw	r24, 0x01	; 1
     9c0:	f1 f7       	brne	.-4      	; 0x9be <.L1^B13>
     9c2:	00 c0       	rjmp	.+0      	; 0x9c4 <L0^A>

000009c4 <L0^A>:
     9c4:	00 00       	nop
     9c6:	60 e0       	ldi	r22, 0x00	; 0
     9c8:	88 e2       	ldi	r24, 0x28	; 40
     9ca:	0e 94 49 04 	call	0x892	; 0x892 <LCD_WriteInstruction>
     9ce:	8b ed       	ldi	r24, 0xDB	; 219
     9d0:	95 e0       	ldi	r25, 0x05	; 5

000009d2 <.L1^B14>:
     9d2:	01 97       	sbiw	r24, 0x01	; 1
     9d4:	f1 f7       	brne	.-4      	; 0x9d2 <.L1^B14>
     9d6:	00 c0       	rjmp	.+0      	; 0x9d8 <L0^A>

000009d8 <L0^A>:
     9d8:	00 00       	nop
     9da:	60 e0       	ldi	r22, 0x00	; 0
     9dc:	86 e0       	ldi	r24, 0x06	; 6
     9de:	0e 94 49 04 	call	0x892	; 0x892 <LCD_WriteInstruction>
     9e2:	8b ed       	ldi	r24, 0xDB	; 219
     9e4:	95 e0       	ldi	r25, 0x05	; 5

000009e6 <.L1^B15>:
     9e6:	01 97       	sbiw	r24, 0x01	; 1
     9e8:	f1 f7       	brne	.-4      	; 0x9e6 <.L1^B15>
     9ea:	00 c0       	rjmp	.+0      	; 0x9ec <L0^A>

000009ec <L0^A>:
     9ec:	00 00       	nop
     9ee:	60 e0       	ldi	r22, 0x00	; 0
     9f0:	81 e0       	ldi	r24, 0x01	; 1
     9f2:	0e 94 49 04 	call	0x892	; 0x892 <LCD_WriteInstruction>
     9f6:	87 eb       	ldi	r24, 0xB7	; 183
     9f8:	9b e0       	ldi	r25, 0x0B	; 11

000009fa <.L1^B16>:
     9fa:	01 97       	sbiw	r24, 0x01	; 1
     9fc:	f1 f7       	brne	.-4      	; 0x9fa <.L1^B16>
     9fe:	00 c0       	rjmp	.+0      	; 0xa00 <L0^A>

00000a00 <L0^A>:
     a00:	00 00       	nop
     a02:	60 e0       	ldi	r22, 0x00	; 0
     a04:	84 e0       	ldi	r24, 0x04	; 4
     a06:	0e 94 49 04 	call	0x892	; 0x892 <LCD_WriteInstruction>
     a0a:	8b ed       	ldi	r24, 0xDB	; 219
     a0c:	95 e0       	ldi	r25, 0x05	; 5

00000a0e <.L1^B17>:
     a0e:	01 97       	sbiw	r24, 0x01	; 1
     a10:	f1 f7       	brne	.-4      	; 0xa0e <.L1^B17>
     a12:	00 c0       	rjmp	.+0      	; 0xa14 <L0^A>

00000a14 <L0^A>:
     a14:	00 00       	nop
     a16:	08 95       	ret

00000a18 <.L13>:
     a18:	41 e0       	ldi	r20, 0x01	; 1
     a1a:	60 e0       	ldi	r22, 0x00	; 0
     a1c:	80 e0       	ldi	r24, 0x00	; 0
     a1e:	0e 94 03 08 	call	0x1006	; 0x1006 <DIO_InitPin>
     a22:	41 e0       	ldi	r20, 0x01	; 1
     a24:	61 e0       	ldi	r22, 0x01	; 1
     a26:	80 e0       	ldi	r24, 0x00	; 0
     a28:	0e 94 03 08 	call	0x1006	; 0x1006 <DIO_InitPin>
     a2c:	41 e0       	ldi	r20, 0x01	; 1
     a2e:	62 e0       	ldi	r22, 0x02	; 2
     a30:	80 e0       	ldi	r24, 0x00	; 0
     a32:	0e 94 03 08 	call	0x1006	; 0x1006 <DIO_InitPin>
     a36:	6f ef       	ldi	r22, 0xFF	; 255
     a38:	82 e0       	ldi	r24, 0x02	; 2
     a3a:	0e 94 41 08 	call	0x1082	; 0x1082 <DIO_InitGroup>
     a3e:	83 e1       	ldi	r24, 0x13	; 19
     a40:	9d ec       	ldi	r25, 0xCD	; 205

00000a42 <.L1^B18>:
     a42:	01 97       	sbiw	r24, 0x01	; 1
     a44:	f1 f7       	brne	.-4      	; 0xa42 <.L1^B18>
     a46:	00 c0       	rjmp	.+0      	; 0xa48 <L0^A>

00000a48 <L0^A>:
     a48:	00 00       	nop
     a4a:	61 e0       	ldi	r22, 0x01	; 1
     a4c:	88 e3       	ldi	r24, 0x38	; 56
     a4e:	0e 94 49 04 	call	0x892	; 0x892 <LCD_WriteInstruction>
     a52:	8b ed       	ldi	r24, 0xDB	; 219
     a54:	95 e0       	ldi	r25, 0x05	; 5

00000a56 <.L1^B19>:
     a56:	01 97       	sbiw	r24, 0x01	; 1
     a58:	f1 f7       	brne	.-4      	; 0xa56 <.L1^B19>
     a5a:	00 c0       	rjmp	.+0      	; 0xa5c <L0^A>

00000a5c <L0^A>:
     a5c:	00 00       	nop
     a5e:	61 e0       	ldi	r22, 0x01	; 1
     a60:	8e e0       	ldi	r24, 0x0E	; 14
     a62:	0e 94 49 04 	call	0x892	; 0x892 <LCD_WriteInstruction>
     a66:	8b ed       	ldi	r24, 0xDB	; 219
     a68:	95 e0       	ldi	r25, 0x05	; 5

00000a6a <.L1^B20>:
     a6a:	01 97       	sbiw	r24, 0x01	; 1
     a6c:	f1 f7       	brne	.-4      	; 0xa6a <.L1^B20>
     a6e:	00 c0       	rjmp	.+0      	; 0xa70 <L0^A>

00000a70 <L0^A>:
     a70:	00 00       	nop
     a72:	61 e0       	ldi	r22, 0x01	; 1
     a74:	81 e0       	ldi	r24, 0x01	; 1
     a76:	0e 94 49 04 	call	0x892	; 0x892 <LCD_WriteInstruction>
     a7a:	87 eb       	ldi	r24, 0xB7	; 183
     a7c:	9b e0       	ldi	r25, 0x0B	; 11

00000a7e <.L1^B21>:
     a7e:	01 97       	sbiw	r24, 0x01	; 1
     a80:	f1 f7       	brne	.-4      	; 0xa7e <.L1^B21>
     a82:	00 c0       	rjmp	.+0      	; 0xa84 <L0^A>

00000a84 <L0^A>:
     a84:	00 00       	nop
     a86:	61 e0       	ldi	r22, 0x01	; 1
     a88:	85 e0       	ldi	r24, 0x05	; 5
     a8a:	0e 94 49 04 	call	0x892	; 0x892 <LCD_WriteInstruction>
     a8e:	8b ed       	ldi	r24, 0xDB	; 219
     a90:	95 e0       	ldi	r25, 0x05	; 5

00000a92 <.L1^B22>:
     a92:	01 97       	sbiw	r24, 0x01	; 1
     a94:	f1 f7       	brne	.-4      	; 0xa92 <.L1^B22>
     a96:	00 c0       	rjmp	.+0      	; 0xa98 <L0^A>

00000a98 <L0^A>:
     a98:	00 00       	nop
     a9a:	08 95       	ret

00000a9c <LCD_WriteString>:
     a9c:	0f 93       	push	r16
     a9e:	1f 93       	push	r17
     aa0:	cf 93       	push	r28
     aa2:	df 93       	push	r29
     aa4:	00 d0       	rcall	.+0      	; 0xaa6 <L0^A>

00000aa6 <L0^A>:
     aa6:	cd b7       	in	r28, 0x3d	; 61
     aa8:	de b7       	in	r29, 0x3e	; 62
     aaa:	8c 01       	movw	r16, r24
     aac:	69 83       	std	Y+1, r22	; 0x01
     aae:	00 97       	sbiw	r24, 0x00	; 0
     ab0:	91 f0       	breq	.+36     	; 0xad6 <.L15>
     ab2:	fc 01       	movw	r30, r24
     ab4:	80 81       	ld	r24, Z
     ab6:	81 15       	cp	r24, r1
     ab8:	71 f0       	breq	.+28     	; 0xad6 <.L15>
     aba:	1a 82       	std	Y+2, r1	; 0x02

00000abc <.L17>:
     abc:	69 81       	ldd	r22, Y+1	; 0x01
     abe:	0e 94 f0 03 	call	0x7e0	; 0x7e0 <LCD_WriteData>
     ac2:	fa 81       	ldd	r31, Y+2	; 0x02
     ac4:	ff 5f       	subi	r31, 0xFF	; 255
     ac6:	fa 83       	std	Y+2, r31	; 0x02
     ac8:	f8 01       	movw	r30, r16
     aca:	8a 81       	ldd	r24, Y+2	; 0x02
     acc:	e8 0f       	add	r30, r24
     ace:	f1 1d       	adc	r31, r1
     ad0:	80 81       	ld	r24, Z
     ad2:	81 11       	cpse	r24, r1
     ad4:	f3 cf       	rjmp	.-26     	; 0xabc <.L17>

00000ad6 <.L15>:
     ad6:	0f 90       	pop	r0
     ad8:	0f 90       	pop	r0
     ada:	df 91       	pop	r29
     adc:	cf 91       	pop	r28
     ade:	1f 91       	pop	r17
     ae0:	0f 91       	pop	r16
     ae2:	08 95       	ret

00000ae4 <LCD_GotoXY>:
     ae4:	cf 93       	push	r28
     ae6:	df 93       	push	r29
     ae8:	0f 92       	push	r0
     aea:	cd b7       	in	r28, 0x3d	; 61
     aec:	de b7       	in	r29, 0x3e	; 62
     aee:	81 30       	cpi	r24, 0x01	; 1
     af0:	28 f0       	brcs	.+10     	; 0xafc <.L29>
     af2:	19 f0       	breq	.+6      	; 0xafa <.L27>
     af4:	80 e8       	ldi	r24, 0x80	; 128
     af6:	89 83       	std	Y+1, r24	; 0x01
     af8:	03 c0       	rjmp	.+6      	; 0xb00 <.L28>

00000afa <.L27>:
     afa:	60 5c       	subi	r22, 0xC0	; 192

00000afc <.L29>:
     afc:	60 68       	ori	r22, 0x80	; 128
     afe:	69 83       	std	Y+1, r22	; 0x01

00000b00 <.L28>:
     b00:	40 e0       	ldi	r20, 0x00	; 0
     b02:	60 e0       	ldi	r22, 0x00	; 0
     b04:	80 e0       	ldi	r24, 0x00	; 0
     b06:	0e 94 51 08 	call	0x10a2	; 0x10a2 <DIO_WritePin>
     b0a:	40 e0       	ldi	r20, 0x00	; 0
     b0c:	61 e0       	ldi	r22, 0x01	; 1
     b0e:	80 e0       	ldi	r24, 0x00	; 0
     b10:	0e 94 51 08 	call	0x10a2	; 0x10a2 <DIO_WritePin>
     b14:	69 81       	ldd	r22, Y+1	; 0x01
     b16:	82 e0       	ldi	r24, 0x02	; 2
     b18:	0e 94 8f 08 	call	0x111e	; 0x111e <DIO_WriteGroup>
     b1c:	41 e0       	ldi	r20, 0x01	; 1
     b1e:	62 e0       	ldi	r22, 0x02	; 2
     b20:	80 e0       	ldi	r24, 0x00	; 0
     b22:	0e 94 51 08 	call	0x10a2	; 0x10a2 <DIO_WritePin>
     b26:	8b ed       	ldi	r24, 0xDB	; 219
     b28:	95 e0       	ldi	r25, 0x05	; 5

00000b2a <.L1^B23>:
     b2a:	01 97       	sbiw	r24, 0x01	; 1
     b2c:	f1 f7       	brne	.-4      	; 0xb2a <.L1^B23>
     b2e:	00 c0       	rjmp	.+0      	; 0xb30 <L0^A>

00000b30 <L0^A>:
     b30:	00 00       	nop
     b32:	40 e0       	ldi	r20, 0x00	; 0
     b34:	62 e0       	ldi	r22, 0x02	; 2
     b36:	80 e0       	ldi	r24, 0x00	; 0
     b38:	0e 94 51 08 	call	0x10a2	; 0x10a2 <DIO_WritePin>
     b3c:	8b ed       	ldi	r24, 0xDB	; 219
     b3e:	95 e0       	ldi	r25, 0x05	; 5

00000b40 <.L1^B24>:
     b40:	01 97       	sbiw	r24, 0x01	; 1
     b42:	f1 f7       	brne	.-4      	; 0xb40 <.L1^B24>
     b44:	00 c0       	rjmp	.+0      	; 0xb46 <L0^A>

00000b46 <L0^A>:
     b46:	00 00       	nop
     b48:	0f 90       	pop	r0
     b4a:	df 91       	pop	r29
     b4c:	cf 91       	pop	r28
     b4e:	08 95       	ret

00000b50 <LCD_Clear>:
     b50:	40 e0       	ldi	r20, 0x00	; 0
     b52:	60 e0       	ldi	r22, 0x00	; 0
     b54:	80 e0       	ldi	r24, 0x00	; 0
     b56:	0e 94 51 08 	call	0x10a2	; 0x10a2 <DIO_WritePin>
     b5a:	40 e0       	ldi	r20, 0x00	; 0
     b5c:	61 e0       	ldi	r22, 0x01	; 1
     b5e:	80 e0       	ldi	r24, 0x00	; 0
     b60:	0e 94 51 08 	call	0x10a2	; 0x10a2 <DIO_WritePin>
     b64:	61 e0       	ldi	r22, 0x01	; 1
     b66:	82 e0       	ldi	r24, 0x02	; 2
     b68:	0e 94 8f 08 	call	0x111e	; 0x111e <DIO_WriteGroup>
     b6c:	41 e0       	ldi	r20, 0x01	; 1
     b6e:	62 e0       	ldi	r22, 0x02	; 2
     b70:	80 e0       	ldi	r24, 0x00	; 0
     b72:	0e 94 51 08 	call	0x10a2	; 0x10a2 <DIO_WritePin>
     b76:	8b ed       	ldi	r24, 0xDB	; 219
     b78:	95 e0       	ldi	r25, 0x05	; 5

00000b7a <.L1^B25>:
     b7a:	01 97       	sbiw	r24, 0x01	; 1
     b7c:	f1 f7       	brne	.-4      	; 0xb7a <.L1^B25>
     b7e:	00 c0       	rjmp	.+0      	; 0xb80 <L0^A>

00000b80 <L0^A>:
     b80:	00 00       	nop
     b82:	40 e0       	ldi	r20, 0x00	; 0
     b84:	62 e0       	ldi	r22, 0x02	; 2
     b86:	80 e0       	ldi	r24, 0x00	; 0
     b88:	0e 94 51 08 	call	0x10a2	; 0x10a2 <DIO_WritePin>
     b8c:	87 eb       	ldi	r24, 0xB7	; 183
     b8e:	9b e0       	ldi	r25, 0x0B	; 11

00000b90 <.L1^B26>:
     b90:	01 97       	sbiw	r24, 0x01	; 1
     b92:	f1 f7       	brne	.-4      	; 0xb90 <.L1^B26>
     b94:	00 c0       	rjmp	.+0      	; 0xb96 <L0^A>

00000b96 <L0^A>:
     b96:	00 00       	nop
     b98:	08 95       	ret

00000b9a <LCD_WriteNumber>:
     b9a:	ef 92       	push	r14
     b9c:	ff 92       	push	r15
     b9e:	0f 93       	push	r16
     ba0:	1f 93       	push	r17
     ba2:	cf 93       	push	r28
     ba4:	df 93       	push	r29
     ba6:	cd b7       	in	r28, 0x3d	; 61
     ba8:	de b7       	in	r29, 0x3e	; 62
     baa:	2b 97       	sbiw	r28, 0x0b	; 11
     bac:	0f b6       	in	r0, 0x3f	; 63
     bae:	f8 94       	cli
     bb0:	de bf       	out	0x3e, r29	; 62
     bb2:	0f be       	out	0x3f, r0	; 63
     bb4:	cd bf       	out	0x3d, r28	; 61
     bb6:	6b 87       	std	Y+11, r22	; 0x0b
     bb8:	81 15       	cp	r24, r1
     bba:	d1 f1       	breq	.+116    	; 0xc30 <.L37>
     bbc:	8e 01       	movw	r16, r28
     bbe:	0f 5f       	subi	r16, 0xFF	; 255
     bc0:	1f 4f       	sbci	r17, 0xFF	; 255
     bc2:	f8 01       	movw	r30, r16
     bc4:	40 e0       	ldi	r20, 0x00	; 0
     bc6:	50 e0       	ldi	r21, 0x00	; 0
     bc8:	3d ec       	ldi	r19, 0xCD	; 205

00000bca <.L33>:
     bca:	83 9f       	mul	r24, r19
     bcc:	91 2d       	mov	r25, r1
     bce:	11 24       	eor	r1, r1
     bd0:	96 95       	lsr	r25
     bd2:	96 95       	lsr	r25
     bd4:	96 95       	lsr	r25
     bd6:	29 2f       	mov	r18, r25
     bd8:	22 0f       	add	r18, r18
     bda:	22 0f       	add	r18, r18
     bdc:	29 0f       	add	r18, r25
     bde:	22 0f       	add	r18, r18
     be0:	68 2f       	mov	r22, r24
     be2:	62 1b       	sub	r22, r18
     be4:	26 2f       	mov	r18, r22
     be6:	20 5d       	subi	r18, 0xD0	; 208
     be8:	21 93       	st	Z+, r18
     bea:	28 2f       	mov	r18, r24
     bec:	89 2f       	mov	r24, r25
     bee:	ba 01       	movw	r22, r20
     bf0:	4f 5f       	subi	r20, 0xFF	; 255
     bf2:	5f 4f       	sbci	r21, 0xFF	; 255
     bf4:	2a 30       	cpi	r18, 0x0A	; 10
     bf6:	48 f7       	brcc	.-46     	; 0xbca <.L33>
     bf8:	78 01       	movw	r14, r16
     bfa:	8f ef       	ldi	r24, 0xFF	; 255
     bfc:	e8 1a       	sub	r14, r24
     bfe:	f8 0a       	sbc	r15, r24
     c00:	e6 0e       	add	r14, r22
     c02:	f7 1e       	adc	r15, r23

00000c04 <.L34>:
     c04:	6b 85       	ldd	r22, Y+11	; 0x0b
     c06:	f7 01       	movw	r30, r14
     c08:	82 91       	ld	r24, -Z
     c0a:	7f 01       	movw	r14, r30
     c0c:	0e 94 f0 03 	call	0x7e0	; 0x7e0 <LCD_WriteData>
     c10:	0e 15       	cp	r16, r14
     c12:	1f 05       	cpc	r17, r15
     c14:	b9 f7       	brne	.-18     	; 0xc04 <.L34>
     c16:	2b 96       	adiw	r28, 0x0b	; 11
     c18:	0f b6       	in	r0, 0x3f	; 63
     c1a:	f8 94       	cli
     c1c:	de bf       	out	0x3e, r29	; 62
     c1e:	0f be       	out	0x3f, r0	; 63
     c20:	cd bf       	out	0x3d, r28	; 61
     c22:	df 91       	pop	r29
     c24:	cf 91       	pop	r28
     c26:	1f 91       	pop	r17
     c28:	0f 91       	pop	r16
     c2a:	ff 90       	pop	r15
     c2c:	ef 90       	pop	r14
     c2e:	08 95       	ret

00000c30 <.L37>:
     c30:	80 e3       	ldi	r24, 0x30	; 48
     c32:	2b 96       	adiw	r28, 0x0b	; 11
     c34:	0f b6       	in	r0, 0x3f	; 63
     c36:	f8 94       	cli
     c38:	de bf       	out	0x3e, r29	; 62
     c3a:	0f be       	out	0x3f, r0	; 63
     c3c:	cd bf       	out	0x3d, r28	; 61
     c3e:	df 91       	pop	r29
     c40:	cf 91       	pop	r28
     c42:	1f 91       	pop	r17
     c44:	0f 91       	pop	r16
     c46:	ff 90       	pop	r15
     c48:	ef 90       	pop	r14
     c4a:	0c 94 f0 03 	jmp	0x7e0	; 0x7e0 <LCD_WriteData>

00000c4e <Led_Init>:
     c4e:	81 30       	cpi	r24, 0x01	; 1
     c50:	30 f0       	brcs	.+12     	; 0xc5e <.L7>
     c52:	69 f0       	breq	.+26     	; 0xc6e <.L8>
     c54:	82 30       	cpi	r24, 0x02	; 2
     c56:	39 f0       	breq	.+14     	; 0xc66 <.L9>
     c58:	83 30       	cpi	r24, 0x03	; 3
     c5a:	69 f0       	breq	.+26     	; 0xc76 <.L10>
     c5c:	08 95       	ret

00000c5e <.L7>:
     c5e:	8a b3       	in	r24, 0x1a	; 26
     c60:	41 e0       	ldi	r20, 0x01	; 1
     c62:	0c 94 03 08 	jmp	0x1006	; 0x1006 <DIO_InitPin>

00000c66 <.L9>:
     c66:	84 b3       	in	r24, 0x14	; 20
     c68:	41 e0       	ldi	r20, 0x01	; 1
     c6a:	0c 94 03 08 	jmp	0x1006	; 0x1006 <DIO_InitPin>

00000c6e <.L8>:
     c6e:	87 b3       	in	r24, 0x17	; 23
     c70:	41 e0       	ldi	r20, 0x01	; 1
     c72:	0c 94 03 08 	jmp	0x1006	; 0x1006 <DIO_InitPin>

00000c76 <.L10>:
     c76:	81 b3       	in	r24, 0x11	; 17
     c78:	41 e0       	ldi	r20, 0x01	; 1
     c7a:	0c 94 03 08 	jmp	0x1006	; 0x1006 <DIO_InitPin>

00000c7e <Led_on>:
     c7e:	41 30       	cpi	r20, 0x01	; 1
     c80:	21 f0       	breq	.+8      	; 0xc8a <.L14>
     c82:	42 30       	cpi	r20, 0x02	; 2
     c84:	09 f0       	breq	.+2      	; 0xc88 <.L15>
     c86:	08 95       	ret

00000c88 <.L15>:
     c88:	40 e0       	ldi	r20, 0x00	; 0

00000c8a <.L14>:
     c8a:	0c 94 51 08 	jmp	0x10a2	; 0x10a2 <DIO_WritePin>

00000c8e <Led_off>:
     c8e:	41 30       	cpi	r20, 0x01	; 1
     c90:	19 f0       	breq	.+6      	; 0xc98 <.L19>
     c92:	42 30       	cpi	r20, 0x02	; 2
     c94:	21 f0       	breq	.+8      	; 0xc9e <.L20>
     c96:	08 95       	ret

00000c98 <.L19>:
     c98:	40 e0       	ldi	r20, 0x00	; 0
     c9a:	0c 94 51 08 	jmp	0x10a2	; 0x10a2 <DIO_WritePin>

00000c9e <.L20>:
     c9e:	41 e0       	ldi	r20, 0x01	; 1
     ca0:	0c 94 51 08 	jmp	0x10a2	; 0x10a2 <DIO_WritePin>

00000ca4 <All_Led_Controll>:
     ca4:	cf 93       	push	r28
     ca6:	df 93       	push	r29
     ca8:	c8 2f       	mov	r28, r24
     caa:	d6 2f       	mov	r29, r22
     cac:	61 30       	cpi	r22, 0x01	; 1
     cae:	68 f4       	brcc	.+26     	; 0xcca <.L22>
     cb0:	81 30       	cpi	r24, 0x01	; 1
     cb2:	f8 f4       	brcc	.+62     	; 0xcf2 <.L23>

00000cb4 <.L24>:
     cb4:	40 e0       	ldi	r20, 0x00	; 0
     cb6:	6c 2f       	mov	r22, r28
     cb8:	80 e0       	ldi	r24, 0x00	; 0
     cba:	0e 94 51 08 	call	0x10a2	; 0x10a2 <DIO_WritePin>
     cbe:	cf 5f       	subi	r28, 0xFF	; 255
     cc0:	c8 30       	cpi	r28, 0x08	; 8
     cc2:	c1 f7       	brne	.-16     	; 0xcb4 <.L24>

00000cc4 <.L21>:
     cc4:	df 91       	pop	r29
     cc6:	cf 91       	pop	r28
     cc8:	08 95       	ret

00000cca <.L22>:
     cca:	e1 f7       	brne	.-8      	; 0xcc4 <.L21>
     ccc:	81 30       	cpi	r24, 0x01	; 1
     cce:	c0 f1       	brcs	.+112    	; 0xd40 <.L32>
     cd0:	09 f4       	brne	.+2      	; 0xcd4 <L0^A+0x2>

00000cd2 <L0^A>:
     cd2:	64 c0       	rjmp	.+200    	; 0xd9c <.L50>
     cd4:	82 30       	cpi	r24, 0x02	; 2
     cd6:	09 f4       	brne	.+2      	; 0xcda <L0^A+0x2>

00000cd8 <L0^A>:
     cd8:	57 c0       	rjmp	.+174    	; 0xd88 <.L51>
     cda:	83 30       	cpi	r24, 0x03	; 3
     cdc:	99 f7       	brne	.-26     	; 0xcc4 <.L21>
     cde:	c0 e0       	ldi	r28, 0x00	; 0

00000ce0 <.L37>:
     ce0:	41 e0       	ldi	r20, 0x01	; 1
     ce2:	6c 2f       	mov	r22, r28
     ce4:	83 e0       	ldi	r24, 0x03	; 3
     ce6:	0e 94 51 08 	call	0x10a2	; 0x10a2 <DIO_WritePin>
     cea:	cf 5f       	subi	r28, 0xFF	; 255
     cec:	c8 30       	cpi	r28, 0x08	; 8
     cee:	c1 f7       	brne	.-16     	; 0xce0 <.L37>
     cf0:	e9 cf       	rjmp	.-46     	; 0xcc4 <.L21>

00000cf2 <.L23>:
     cf2:	a9 f0       	breq	.+42     	; 0xd1e <.L27>
     cf4:	82 30       	cpi	r24, 0x02	; 2
     cf6:	b1 f1       	breq	.+108    	; 0xd64 <.L29>
     cf8:	83 30       	cpi	r24, 0x03	; 3
     cfa:	21 f7       	brne	.-56     	; 0xcc4 <.L21>

00000cfc <.L30>:
     cfc:	40 e0       	ldi	r20, 0x00	; 0
     cfe:	6d 2f       	mov	r22, r29
     d00:	83 e0       	ldi	r24, 0x03	; 3
     d02:	0e 94 51 08 	call	0x10a2	; 0x10a2 <DIO_WritePin>
     d06:	df 5f       	subi	r29, 0xFF	; 255
     d08:	d8 30       	cpi	r29, 0x08	; 8
     d0a:	e1 f2       	breq	.-72     	; 0xcc4 <.L21>
     d0c:	40 e0       	ldi	r20, 0x00	; 0
     d0e:	6d 2f       	mov	r22, r29
     d10:	83 e0       	ldi	r24, 0x03	; 3
     d12:	0e 94 51 08 	call	0x10a2	; 0x10a2 <DIO_WritePin>
     d16:	df 5f       	subi	r29, 0xFF	; 255
     d18:	d8 30       	cpi	r29, 0x08	; 8
     d1a:	81 f7       	brne	.-32     	; 0xcfc <.L30>
     d1c:	d3 cf       	rjmp	.-90     	; 0xcc4 <.L21>

00000d1e <.L27>:
     d1e:	40 e0       	ldi	r20, 0x00	; 0
     d20:	6d 2f       	mov	r22, r29
     d22:	81 e0       	ldi	r24, 0x01	; 1
     d24:	0e 94 51 08 	call	0x10a2	; 0x10a2 <DIO_WritePin>
     d28:	df 5f       	subi	r29, 0xFF	; 255
     d2a:	d8 30       	cpi	r29, 0x08	; 8
     d2c:	59 f2       	breq	.-106    	; 0xcc4 <.L21>
     d2e:	40 e0       	ldi	r20, 0x00	; 0
     d30:	6d 2f       	mov	r22, r29
     d32:	81 e0       	ldi	r24, 0x01	; 1
     d34:	0e 94 51 08 	call	0x10a2	; 0x10a2 <DIO_WritePin>
     d38:	df 5f       	subi	r29, 0xFF	; 255
     d3a:	d8 30       	cpi	r29, 0x08	; 8
     d3c:	81 f7       	brne	.-32     	; 0xd1e <.L27>
     d3e:	c2 cf       	rjmp	.-124    	; 0xcc4 <.L21>

00000d40 <.L32>:
     d40:	41 e0       	ldi	r20, 0x01	; 1
     d42:	6c 2f       	mov	r22, r28
     d44:	80 e0       	ldi	r24, 0x00	; 0
     d46:	0e 94 51 08 	call	0x10a2	; 0x10a2 <DIO_WritePin>
     d4a:	cf 5f       	subi	r28, 0xFF	; 255
     d4c:	c8 30       	cpi	r28, 0x08	; 8
     d4e:	09 f4       	brne	.+2      	; 0xd52 <L0^A+0x2>

00000d50 <L0^A>:
     d50:	b9 cf       	rjmp	.-142    	; 0xcc4 <.L21>
     d52:	41 e0       	ldi	r20, 0x01	; 1
     d54:	6c 2f       	mov	r22, r28
     d56:	80 e0       	ldi	r24, 0x00	; 0
     d58:	0e 94 51 08 	call	0x10a2	; 0x10a2 <DIO_WritePin>
     d5c:	cf 5f       	subi	r28, 0xFF	; 255
     d5e:	c8 30       	cpi	r28, 0x08	; 8
     d60:	79 f7       	brne	.-34     	; 0xd40 <.L32>
     d62:	b0 cf       	rjmp	.-160    	; 0xcc4 <.L21>

00000d64 <.L29>:
     d64:	40 e0       	ldi	r20, 0x00	; 0
     d66:	6d 2f       	mov	r22, r29
     d68:	82 e0       	ldi	r24, 0x02	; 2
     d6a:	0e 94 51 08 	call	0x10a2	; 0x10a2 <DIO_WritePin>
     d6e:	df 5f       	subi	r29, 0xFF	; 255
     d70:	d8 30       	cpi	r29, 0x08	; 8
     d72:	09 f4       	brne	.+2      	; 0xd76 <L0^A+0x2>

00000d74 <L0^A>:
     d74:	a7 cf       	rjmp	.-178    	; 0xcc4 <.L21>
     d76:	40 e0       	ldi	r20, 0x00	; 0
     d78:	6d 2f       	mov	r22, r29
     d7a:	82 e0       	ldi	r24, 0x02	; 2
     d7c:	0e 94 51 08 	call	0x10a2	; 0x10a2 <DIO_WritePin>
     d80:	df 5f       	subi	r29, 0xFF	; 255
     d82:	d8 30       	cpi	r29, 0x08	; 8
     d84:	79 f7       	brne	.-34     	; 0xd64 <.L29>
     d86:	9e cf       	rjmp	.-196    	; 0xcc4 <.L21>

00000d88 <.L51>:
     d88:	c0 e0       	ldi	r28, 0x00	; 0

00000d8a <.L36>:
     d8a:	41 e0       	ldi	r20, 0x01	; 1
     d8c:	6c 2f       	mov	r22, r28
     d8e:	82 e0       	ldi	r24, 0x02	; 2
     d90:	0e 94 51 08 	call	0x10a2	; 0x10a2 <DIO_WritePin>
     d94:	cf 5f       	subi	r28, 0xFF	; 255
     d96:	c8 30       	cpi	r28, 0x08	; 8
     d98:	c1 f7       	brne	.-16     	; 0xd8a <.L36>
     d9a:	94 cf       	rjmp	.-216    	; 0xcc4 <.L21>

00000d9c <.L50>:
     d9c:	c0 e0       	ldi	r28, 0x00	; 0

00000d9e <.L34>:
     d9e:	41 e0       	ldi	r20, 0x01	; 1
     da0:	6c 2f       	mov	r22, r28
     da2:	81 e0       	ldi	r24, 0x01	; 1
     da4:	0e 94 51 08 	call	0x10a2	; 0x10a2 <DIO_WritePin>
     da8:	cf 5f       	subi	r28, 0xFF	; 255
     daa:	c8 30       	cpi	r28, 0x08	; 8
     dac:	c1 f7       	brne	.-16     	; 0xd9e <.L34>
     dae:	8a cf       	rjmp	.-236    	; 0xcc4 <.L21>

00000db0 <LM35_Init>:
     db0:	cf 93       	push	r28
     db2:	df 93       	push	r29
     db4:	0f 92       	push	r0
     db6:	cd b7       	in	r28, 0x3d	; 61
     db8:	de b7       	in	r29, 0x3e	; 62
     dba:	89 83       	std	Y+1, r24	; 0x01
     dbc:	40 e0       	ldi	r20, 0x00	; 0
     dbe:	68 2f       	mov	r22, r24
     dc0:	80 e0       	ldi	r24, 0x00	; 0
     dc2:	0e 94 03 08 	call	0x1006	; 0x1006 <DIO_InitPin>
     dc6:	89 81       	ldd	r24, Y+1	; 0x01
     dc8:	80 93 03 01 	sts	0x0103, r24	; 0x800103 <Pin>
     dcc:	0f 90       	pop	r0
     dce:	df 91       	pop	r29
     dd0:	cf 91       	pop	r28
     dd2:	08 95       	ret

00000dd4 <LM35_GetTemp>:
     dd4:	80 91 03 01 	lds	r24, 0x0103	; 0x800103 <Pin>
     dd8:	0e 94 f3 07 	call	0xfe6	; 0xfe6 <ADC_ReadChannelPolling>
     ddc:	9c 01       	movw	r18, r24
     dde:	a4 ef       	ldi	r26, 0xF4	; 244
     de0:	b1 e0       	ldi	r27, 0x01	; 1
     de2:	0e 94 41 0a 	call	0x1482	; 0x1482 <__umulhisi3>
     de6:	a9 2f       	mov	r26, r25
     de8:	98 2f       	mov	r25, r24
     dea:	87 2f       	mov	r24, r23
     dec:	a6 95       	lsr	r26
     dee:	97 95       	ror	r25
     df0:	87 95       	ror	r24
     df2:	a6 95       	lsr	r26
     df4:	97 95       	ror	r25
     df6:	87 95       	ror	r24
     df8:	08 95       	ret

00000dfa <WaterPump_Init>:
     dfa:	cf 93       	push	r28
     dfc:	df 93       	push	r29
     dfe:	00 d0       	rcall	.+0      	; 0xe00 <L0^A>

00000e00 <L0^A>:
     e00:	cd b7       	in	r28, 0x3d	; 61
     e02:	de b7       	in	r29, 0x3e	; 62
     e04:	89 83       	std	Y+1, r24	; 0x01
     e06:	6a 83       	std	Y+2, r22	; 0x02
     e08:	40 e0       	ldi	r20, 0x00	; 0
     e0a:	0e 94 03 08 	call	0x1006	; 0x1006 <DIO_InitPin>
     e0e:	89 81       	ldd	r24, Y+1	; 0x01
     e10:	80 93 09 01 	sts	0x0109, r24	; 0x800109 <WaterPump_Group>
     e14:	8a 81       	ldd	r24, Y+2	; 0x02
     e16:	80 93 08 01 	sts	0x0108, r24	; 0x800108 <WaterPump_Pin>
     e1a:	0f 90       	pop	r0
     e1c:	0f 90       	pop	r0
     e1e:	df 91       	pop	r29
     e20:	cf 91       	pop	r28
     e22:	08 95       	ret

00000e24 <Heater_Init>:
     e24:	cf 93       	push	r28
     e26:	df 93       	push	r29
     e28:	00 d0       	rcall	.+0      	; 0xe2a <L0^A>

00000e2a <L0^A>:
     e2a:	cd b7       	in	r28, 0x3d	; 61
     e2c:	de b7       	in	r29, 0x3e	; 62
     e2e:	89 83       	std	Y+1, r24	; 0x01
     e30:	6a 83       	std	Y+2, r22	; 0x02
     e32:	40 e0       	ldi	r20, 0x00	; 0
     e34:	0e 94 03 08 	call	0x1006	; 0x1006 <DIO_InitPin>
     e38:	89 81       	ldd	r24, Y+1	; 0x01
     e3a:	80 93 07 01 	sts	0x0107, r24	; 0x800107 <Heater_Group>
     e3e:	8a 81       	ldd	r24, Y+2	; 0x02
     e40:	80 93 06 01 	sts	0x0106, r24	; 0x800106 <Heater_Pin>
     e44:	0f 90       	pop	r0
     e46:	0f 90       	pop	r0
     e48:	df 91       	pop	r29
     e4a:	cf 91       	pop	r28
     e4c:	08 95       	ret

00000e4e <Fan_Init>:
     e4e:	cf 93       	push	r28
     e50:	df 93       	push	r29
     e52:	00 d0       	rcall	.+0      	; 0xe54 <L0^A>

00000e54 <L0^A>:
     e54:	cd b7       	in	r28, 0x3d	; 61
     e56:	de b7       	in	r29, 0x3e	; 62
     e58:	89 83       	std	Y+1, r24	; 0x01
     e5a:	6a 83       	std	Y+2, r22	; 0x02
     e5c:	40 e0       	ldi	r20, 0x00	; 0
     e5e:	0e 94 03 08 	call	0x1006	; 0x1006 <DIO_InitPin>
     e62:	89 81       	ldd	r24, Y+1	; 0x01
     e64:	80 93 05 01 	sts	0x0105, r24	; 0x800105 <Fan_Group>
     e68:	8a 81       	ldd	r24, Y+2	; 0x02
     e6a:	80 93 04 01 	sts	0x0104, r24	; 0x800104 <Fan_Pin>
     e6e:	0f 90       	pop	r0
     e70:	0f 90       	pop	r0
     e72:	df 91       	pop	r29
     e74:	cf 91       	pop	r28
     e76:	08 95       	ret

00000e78 <WaterPump_Toggle>:
     e78:	80 91 08 01 	lds	r24, 0x0108	; 0x800108 <WaterPump_Pin>
     e7c:	21 e0       	ldi	r18, 0x01	; 1
     e7e:	01 c0       	rjmp	.+2      	; 0xe82 <.L2^B1>

00000e80 <.L1^B1>:
     e80:	22 0f       	add	r18, r18

00000e82 <.L2^B1>:
     e82:	8a 95       	dec	r24
     e84:	ea f7       	brpl	.-6      	; 0xe80 <.L1^B1>
     e86:	80 91 09 01 	lds	r24, 0x0109	; 0x800109 <WaterPump_Group>
     e8a:	82 27       	eor	r24, r18
     e8c:	80 93 09 01 	sts	0x0109, r24	; 0x800109 <WaterPump_Group>
     e90:	08 95       	ret

00000e92 <Heater_Toggle>:
     e92:	80 91 06 01 	lds	r24, 0x0106	; 0x800106 <Heater_Pin>
     e96:	21 e0       	ldi	r18, 0x01	; 1
     e98:	01 c0       	rjmp	.+2      	; 0xe9c <.L2^B2>

00000e9a <.L1^B2>:
     e9a:	22 0f       	add	r18, r18

00000e9c <.L2^B2>:
     e9c:	8a 95       	dec	r24
     e9e:	ea f7       	brpl	.-6      	; 0xe9a <.L1^B2>
     ea0:	80 91 07 01 	lds	r24, 0x0107	; 0x800107 <Heater_Group>
     ea4:	82 27       	eor	r24, r18
     ea6:	80 93 07 01 	sts	0x0107, r24	; 0x800107 <Heater_Group>
     eaa:	08 95       	ret

00000eac <Fan_Toggle>:
     eac:	80 91 04 01 	lds	r24, 0x0104	; 0x800104 <Fan_Pin>
     eb0:	21 e0       	ldi	r18, 0x01	; 1
     eb2:	01 c0       	rjmp	.+2      	; 0xeb6 <.L2^B3>

00000eb4 <.L1^B3>:
     eb4:	22 0f       	add	r18, r18

00000eb6 <.L2^B3>:
     eb6:	8a 95       	dec	r24
     eb8:	ea f7       	brpl	.-6      	; 0xeb4 <.L1^B3>
     eba:	80 91 05 01 	lds	r24, 0x0105	; 0x800105 <Fan_Group>
     ebe:	82 27       	eor	r24, r18
     ec0:	80 93 05 01 	sts	0x0105, r24	; 0x800105 <Fan_Group>
     ec4:	08 95       	ret

00000ec6 <WaterPump_On>:
     ec6:	41 e0       	ldi	r20, 0x01	; 1
     ec8:	60 91 08 01 	lds	r22, 0x0108	; 0x800108 <WaterPump_Pin>
     ecc:	80 91 09 01 	lds	r24, 0x0109	; 0x800109 <WaterPump_Group>
     ed0:	0c 94 51 08 	jmp	0x10a2	; 0x10a2 <DIO_WritePin>

00000ed4 <Heater_On>:
     ed4:	41 e0       	ldi	r20, 0x01	; 1
     ed6:	60 91 06 01 	lds	r22, 0x0106	; 0x800106 <Heater_Pin>
     eda:	80 91 07 01 	lds	r24, 0x0107	; 0x800107 <Heater_Group>
     ede:	0c 94 51 08 	jmp	0x10a2	; 0x10a2 <DIO_WritePin>

00000ee2 <Fan_On>:
     ee2:	41 e0       	ldi	r20, 0x01	; 1
     ee4:	60 91 04 01 	lds	r22, 0x0104	; 0x800104 <Fan_Pin>
     ee8:	80 91 05 01 	lds	r24, 0x0105	; 0x800105 <Fan_Group>
     eec:	0c 94 51 08 	jmp	0x10a2	; 0x10a2 <DIO_WritePin>

00000ef0 <WaterPump_Off>:
     ef0:	40 e0       	ldi	r20, 0x00	; 0
     ef2:	60 91 08 01 	lds	r22, 0x0108	; 0x800108 <WaterPump_Pin>
     ef6:	80 91 09 01 	lds	r24, 0x0109	; 0x800109 <WaterPump_Group>
     efa:	0c 94 51 08 	jmp	0x10a2	; 0x10a2 <DIO_WritePin>

00000efe <Heater_Off>:
     efe:	40 e0       	ldi	r20, 0x00	; 0
     f00:	60 91 06 01 	lds	r22, 0x0106	; 0x800106 <Heater_Pin>
     f04:	80 91 07 01 	lds	r24, 0x0107	; 0x800107 <Heater_Group>
     f08:	0c 94 51 08 	jmp	0x10a2	; 0x10a2 <DIO_WritePin>

00000f0c <Fan_Off>:
     f0c:	40 e0       	ldi	r20, 0x00	; 0
     f0e:	60 91 04 01 	lds	r22, 0x0104	; 0x800104 <Fan_Pin>
     f12:	80 91 05 01 	lds	r24, 0x0105	; 0x800105 <Fan_Group>
     f16:	0c 94 51 08 	jmp	0x10a2	; 0x10a2 <DIO_WritePin>

00000f1a <POT_Init>:
     f1a:	cf 93       	push	r28
     f1c:	df 93       	push	r29
     f1e:	0f 92       	push	r0
     f20:	cd b7       	in	r28, 0x3d	; 61
     f22:	de b7       	in	r29, 0x3e	; 62
     f24:	89 83       	std	Y+1, r24	; 0x01
     f26:	40 e0       	ldi	r20, 0x00	; 0
     f28:	68 2f       	mov	r22, r24
     f2a:	80 e0       	ldi	r24, 0x00	; 0
     f2c:	0e 94 03 08 	call	0x1006	; 0x1006 <DIO_InitPin>
     f30:	89 81       	ldd	r24, Y+1	; 0x01
     f32:	80 93 0a 01 	sts	0x010A, r24	; 0x80010a <Pin>
     f36:	0f 90       	pop	r0
     f38:	df 91       	pop	r29
     f3a:	cf 91       	pop	r28
     f3c:	08 95       	ret

00000f3e <POT_GetMoisture>:
     f3e:	80 91 0a 01 	lds	r24, 0x010A	; 0x80010a <Pin>
     f42:	0e 94 f3 07 	call	0xfe6	; 0xfe6 <ADC_ReadChannelPolling>
     f46:	28 2f       	mov	r18, r24
     f48:	30 e0       	ldi	r19, 0x00	; 0
     f4a:	a4 e6       	ldi	r26, 0x64	; 100
     f4c:	b0 e0       	ldi	r27, 0x00	; 0
     f4e:	0e 94 41 0a 	call	0x1482	; 0x1482 <__umulhisi3>
     f52:	a9 2f       	mov	r26, r25
     f54:	98 2f       	mov	r25, r24
     f56:	87 2f       	mov	r24, r23
     f58:	a6 95       	lsr	r26
     f5a:	97 95       	ror	r25
     f5c:	87 95       	ror	r24
     f5e:	a6 95       	lsr	r26
     f60:	97 95       	ror	r25
     f62:	87 95       	ror	r24
     f64:	08 95       	ret

00000f66 <ADC_Init>:
     f66:	cf 93       	push	r28
     f68:	df 93       	push	r29
     f6a:	00 d0       	rcall	.+0      	; 0xf6c <L0^A>

00000f6c <L0^A>:
     f6c:	00 d0       	rcall	.+0      	; 0xf6e <L0^A>

00000f6e <L0^A>:
     f6e:	0f 92       	push	r0
     f70:	cd b7       	in	r28, 0x3d	; 61
     f72:	de b7       	in	r29, 0x3e	; 62
     f74:	94 2f       	mov	r25, r20
     f76:	49 83       	std	Y+1, r20	; 0x01
     f78:	5a 83       	std	Y+2, r21	; 0x02
     f7a:	46 2f       	mov	r20, r22
     f7c:	6b 83       	std	Y+3, r22	; 0x03
     f7e:	7c 83       	std	Y+4, r23	; 0x04
     f80:	8d 83       	std	Y+5, r24	; 0x05
     f82:	91 30       	cpi	r25, 0x01	; 1
     f84:	c8 f4       	brcc	.+50     	; 0xfb8 <.L2>
     f86:	36 98       	cbi	0x06, 6	; 6
     f88:	37 98       	cbi	0x06, 7	; 6

00000f8a <.L3>:
     f8a:	51 30       	cpi	r21, 0x01	; 1
     f8c:	e1 f0       	breq	.+56     	; 0xfc6 <.L12>

00000f8e <.L5>:
     f8e:	30 f1       	brcs	.+76     	; 0xfdc <.L13>

00000f90 <.L6>:
     f90:	71 30       	cpi	r23, 0x01	; 1
     f92:	e1 f0       	breq	.+56     	; 0xfcc <.L14>

00000f94 <.L7>:
     f94:	08 f1       	brcs	.+66     	; 0xfd8 <.L15>

00000f96 <.L8>:
     f96:	41 30       	cpi	r20, 0x01	; 1
     f98:	e0 f4       	brcc	.+56     	; 0xfd2 <.L9>

00000f9a <.L17>:
     f9a:	35 9a       	sbi	0x06, 5	; 6

00000f9c <.L10>:
     f9c:	96 b1       	in	r25, 0x06	; 6
     f9e:	98 7f       	andi	r25, 0xF8	; 248
     fa0:	8d 81       	ldd	r24, Y+5	; 0x05
     fa2:	89 2b       	or	r24, r25
     fa4:	86 b9       	out	0x06, r24	; 6
     fa6:	37 9a       	sbi	0x06, 7	; 6
     fa8:	0f 90       	pop	r0
     faa:	0f 90       	pop	r0
     fac:	0f 90       	pop	r0
     fae:	0f 90       	pop	r0
     fb0:	0f 90       	pop	r0
     fb2:	df 91       	pop	r29
     fb4:	cf 91       	pop	r28
     fb6:	08 95       	ret

00000fb8 <.L2>:
     fb8:	99 f0       	breq	.+38     	; 0xfe0 <.L16>
     fba:	92 30       	cpi	r25, 0x02	; 2
     fbc:	31 f7       	brne	.-52     	; 0xf8a <.L3>
     fbe:	36 9a       	sbi	0x06, 6	; 6
     fc0:	37 9a       	sbi	0x06, 7	; 6
     fc2:	51 30       	cpi	r21, 0x01	; 1
     fc4:	21 f7       	brne	.-56     	; 0xf8e <.L5>

00000fc6 <.L12>:
     fc6:	3d 9a       	sbi	0x07, 5	; 7
     fc8:	71 30       	cpi	r23, 0x01	; 1
     fca:	21 f7       	brne	.-56     	; 0xf94 <.L7>

00000fcc <.L14>:
     fcc:	33 9a       	sbi	0x06, 3	; 6
     fce:	41 30       	cpi	r20, 0x01	; 1
     fd0:	20 f3       	brcs	.-56     	; 0xf9a <.L17>

00000fd2 <.L9>:
     fd2:	21 f7       	brne	.-56     	; 0xf9c <.L10>
     fd4:	35 98       	cbi	0x06, 5	; 6
     fd6:	e2 cf       	rjmp	.-60     	; 0xf9c <.L10>

00000fd8 <.L15>:
     fd8:	33 98       	cbi	0x06, 3	; 6
     fda:	dd cf       	rjmp	.-70     	; 0xf96 <.L8>

00000fdc <.L13>:
     fdc:	3d 98       	cbi	0x07, 5	; 7
     fde:	d8 cf       	rjmp	.-80     	; 0xf90 <.L6>

00000fe0 <.L16>:
     fe0:	36 9a       	sbi	0x06, 6	; 6
     fe2:	37 98       	cbi	0x06, 7	; 6
     fe4:	d2 cf       	rjmp	.-92     	; 0xf8a <.L3>

00000fe6 <ADC_ReadChannelPolling>:
     fe6:	97 b1       	in	r25, 0x07	; 7
     fe8:	90 7e       	andi	r25, 0xE0	; 224
     fea:	89 2b       	or	r24, r25
     fec:	87 b9       	out	0x07, r24	; 7
     fee:	36 9a       	sbi	0x06, 6	; 6
     ff0:	86 b1       	in	r24, 0x06	; 6
     ff2:	34 9a       	sbi	0x06, 4	; 6
     ff4:	81 b1       	in	r24, 0x01	; 1
     ff6:	92 b1       	in	r25, 0x02	; 2
     ff8:	08 95       	ret

00000ffa <ADC_StartConvserionInterrupt>:
     ffa:	97 b1       	in	r25, 0x07	; 7
     ffc:	90 7e       	andi	r25, 0xE0	; 224
     ffe:	89 2b       	or	r24, r25
    1000:	87 b9       	out	0x07, r24	; 7
    1002:	36 9a       	sbi	0x06, 6	; 6
    1004:	08 95       	ret

00001006 <DIO_InitPin>:
    1006:	84 30       	cpi	r24, 0x04	; 4
    1008:	c0 f4       	brcc	.+48     	; 0x103a <.L1>
    100a:	68 30       	cpi	r22, 0x08	; 8
    100c:	b0 f4       	brcc	.+44     	; 0x103a <.L1>
    100e:	41 30       	cpi	r20, 0x01	; 1
    1010:	a9 f0       	breq	.+42     	; 0x103c <.L11>
    1012:	98 f4       	brcc	.+38     	; 0x103a <.L1>
    1014:	21 e0       	ldi	r18, 0x01	; 1
    1016:	01 c0       	rjmp	.+2      	; 0x101a <.L2^B1>

00001018 <.L1^B1>:
    1018:	22 0f       	add	r18, r18

0000101a <.L2^B1>:
    101a:	6a 95       	dec	r22
    101c:	ea f7       	brpl	.-6      	; 0x1018 <.L1^B1>
    101e:	20 95       	com	r18
    1020:	82 30       	cpi	r24, 0x02	; 2
    1022:	39 f1       	breq	.+78     	; 0x1072 <.L7>
    1024:	83 30       	cpi	r24, 0x03	; 3
    1026:	31 f0       	breq	.+12     	; 0x1034 <.L8>
    1028:	81 30       	cpi	r24, 0x01	; 1
    102a:	39 f1       	breq	.+78     	; 0x107a <.L9>
    102c:	8a b3       	in	r24, 0x1a	; 26
    102e:	82 23       	and	r24, r18
    1030:	8a bb       	out	0x1a, r24	; 26
    1032:	08 95       	ret

00001034 <.L8>:
    1034:	81 b3       	in	r24, 0x11	; 17
    1036:	82 23       	and	r24, r18
    1038:	81 bb       	out	0x11, r24	; 17

0000103a <.L1>:
    103a:	08 95       	ret

0000103c <.L11>:
    103c:	21 e0       	ldi	r18, 0x01	; 1
    103e:	01 c0       	rjmp	.+2      	; 0x1042 <.L2^B2>

00001040 <.L1^B2>:
    1040:	22 0f       	add	r18, r18

00001042 <.L2^B2>:
    1042:	6a 95       	dec	r22
    1044:	ea f7       	brpl	.-6      	; 0x1040 <.L1^B2>
    1046:	82 30       	cpi	r24, 0x02	; 2
    1048:	61 f0       	breq	.+24     	; 0x1062 <.L4>
    104a:	83 30       	cpi	r24, 0x03	; 3
    104c:	31 f0       	breq	.+12     	; 0x105a <.L5>
    104e:	81 30       	cpi	r24, 0x01	; 1
    1050:	61 f0       	breq	.+24     	; 0x106a <.L6>
    1052:	8a b3       	in	r24, 0x1a	; 26
    1054:	82 2b       	or	r24, r18
    1056:	8a bb       	out	0x1a, r24	; 26
    1058:	08 95       	ret

0000105a <.L5>:
    105a:	81 b3       	in	r24, 0x11	; 17
    105c:	82 2b       	or	r24, r18
    105e:	81 bb       	out	0x11, r24	; 17
    1060:	08 95       	ret

00001062 <.L4>:
    1062:	84 b3       	in	r24, 0x14	; 20
    1064:	82 2b       	or	r24, r18
    1066:	84 bb       	out	0x14, r24	; 20
    1068:	08 95       	ret

0000106a <.L6>:
    106a:	87 b3       	in	r24, 0x17	; 23
    106c:	82 2b       	or	r24, r18
    106e:	87 bb       	out	0x17, r24	; 23
    1070:	08 95       	ret

00001072 <.L7>:
    1072:	84 b3       	in	r24, 0x14	; 20
    1074:	82 23       	and	r24, r18
    1076:	84 bb       	out	0x14, r24	; 20
    1078:	08 95       	ret

0000107a <.L9>:
    107a:	87 b3       	in	r24, 0x17	; 23
    107c:	82 23       	and	r24, r18
    107e:	87 bb       	out	0x17, r24	; 23
    1080:	08 95       	ret

00001082 <DIO_InitGroup>:
    1082:	82 30       	cpi	r24, 0x02	; 2
    1084:	49 f0       	breq	.+18     	; 0x1098 <.L13>
    1086:	20 f4       	brcc	.+8      	; 0x1090 <.L14>
    1088:	81 15       	cp	r24, r1
    108a:	41 f0       	breq	.+16     	; 0x109c <.L20>
    108c:	67 bb       	out	0x17, r22	; 23
    108e:	08 95       	ret

00001090 <.L14>:
    1090:	83 30       	cpi	r24, 0x03	; 3
    1092:	31 f4       	brne	.+12     	; 0x10a0 <.L21>
    1094:	61 bb       	out	0x11, r22	; 17
    1096:	08 95       	ret

00001098 <.L13>:
    1098:	64 bb       	out	0x14, r22	; 20
    109a:	08 95       	ret

0000109c <.L20>:
    109c:	6a bb       	out	0x1a, r22	; 26
    109e:	08 95       	ret

000010a0 <.L21>:
    10a0:	08 95       	ret

000010a2 <DIO_WritePin>:
    10a2:	84 30       	cpi	r24, 0x04	; 4
    10a4:	c0 f4       	brcc	.+48     	; 0x10d6 <.L22>
    10a6:	68 30       	cpi	r22, 0x08	; 8
    10a8:	b0 f4       	brcc	.+44     	; 0x10d6 <.L22>
    10aa:	41 30       	cpi	r20, 0x01	; 1
    10ac:	a9 f0       	breq	.+42     	; 0x10d8 <.L31>
    10ae:	98 f4       	brcc	.+38     	; 0x10d6 <.L22>
    10b0:	21 e0       	ldi	r18, 0x01	; 1
    10b2:	01 c0       	rjmp	.+2      	; 0x10b6 <.L2^B3>

000010b4 <.L1^B3>:
    10b4:	22 0f       	add	r18, r18

000010b6 <.L2^B3>:
    10b6:	6a 95       	dec	r22
    10b8:	ea f7       	brpl	.-6      	; 0x10b4 <.L1^B3>
    10ba:	20 95       	com	r18
    10bc:	82 30       	cpi	r24, 0x02	; 2
    10be:	39 f1       	breq	.+78     	; 0x110e <.L28>
    10c0:	83 30       	cpi	r24, 0x03	; 3
    10c2:	31 f0       	breq	.+12     	; 0x10d0 <.L29>
    10c4:	81 30       	cpi	r24, 0x01	; 1
    10c6:	39 f1       	breq	.+78     	; 0x1116 <.L30>
    10c8:	8b b3       	in	r24, 0x1b	; 27
    10ca:	82 23       	and	r24, r18
    10cc:	8b bb       	out	0x1b, r24	; 27
    10ce:	08 95       	ret

000010d0 <.L29>:
    10d0:	82 b3       	in	r24, 0x12	; 18
    10d2:	82 23       	and	r24, r18
    10d4:	82 bb       	out	0x12, r24	; 18

000010d6 <.L22>:
    10d6:	08 95       	ret

000010d8 <.L31>:
    10d8:	21 e0       	ldi	r18, 0x01	; 1
    10da:	01 c0       	rjmp	.+2      	; 0x10de <.L2^B4>

000010dc <.L1^B4>:
    10dc:	22 0f       	add	r18, r18

000010de <.L2^B4>:
    10de:	6a 95       	dec	r22
    10e0:	ea f7       	brpl	.-6      	; 0x10dc <.L1^B4>
    10e2:	82 30       	cpi	r24, 0x02	; 2
    10e4:	61 f0       	breq	.+24     	; 0x10fe <.L25>
    10e6:	83 30       	cpi	r24, 0x03	; 3
    10e8:	31 f0       	breq	.+12     	; 0x10f6 <.L26>
    10ea:	81 30       	cpi	r24, 0x01	; 1
    10ec:	61 f0       	breq	.+24     	; 0x1106 <.L27>
    10ee:	8b b3       	in	r24, 0x1b	; 27
    10f0:	82 2b       	or	r24, r18
    10f2:	8b bb       	out	0x1b, r24	; 27
    10f4:	08 95       	ret

000010f6 <.L26>:
    10f6:	82 b3       	in	r24, 0x12	; 18
    10f8:	82 2b       	or	r24, r18
    10fa:	82 bb       	out	0x12, r24	; 18
    10fc:	08 95       	ret

000010fe <.L25>:
    10fe:	85 b3       	in	r24, 0x15	; 21
    1100:	82 2b       	or	r24, r18
    1102:	85 bb       	out	0x15, r24	; 21
    1104:	08 95       	ret

00001106 <.L27>:
    1106:	88 b3       	in	r24, 0x18	; 24
    1108:	82 2b       	or	r24, r18
    110a:	88 bb       	out	0x18, r24	; 24
    110c:	08 95       	ret

0000110e <.L28>:
    110e:	85 b3       	in	r24, 0x15	; 21
    1110:	82 23       	and	r24, r18
    1112:	85 bb       	out	0x15, r24	; 21
    1114:	08 95       	ret

00001116 <.L30>:
    1116:	88 b3       	in	r24, 0x18	; 24
    1118:	82 23       	and	r24, r18
    111a:	88 bb       	out	0x18, r24	; 24
    111c:	08 95       	ret

0000111e <DIO_WriteGroup>:
    111e:	82 30       	cpi	r24, 0x02	; 2
    1120:	49 f0       	breq	.+18     	; 0x1134 <.L33>
    1122:	20 f4       	brcc	.+8      	; 0x112c <.L34>
    1124:	81 15       	cp	r24, r1
    1126:	41 f0       	breq	.+16     	; 0x1138 <.L40>
    1128:	68 bb       	out	0x18, r22	; 24
    112a:	08 95       	ret

0000112c <.L34>:
    112c:	83 30       	cpi	r24, 0x03	; 3
    112e:	31 f4       	brne	.+12     	; 0x113c <.L41>
    1130:	62 bb       	out	0x12, r22	; 18
    1132:	08 95       	ret

00001134 <.L33>:
    1134:	65 bb       	out	0x15, r22	; 21
    1136:	08 95       	ret

00001138 <.L40>:
    1138:	6b bb       	out	0x1b, r22	; 27
    113a:	08 95       	ret

0000113c <.L41>:
    113c:	08 95       	ret

0000113e <DIO_ReadPin>:
    113e:	41 15       	cp	r20, r1
    1140:	51 05       	cpc	r21, r1
    1142:	a1 f0       	breq	.+40     	; 0x116c <.L42>
    1144:	84 30       	cpi	r24, 0x04	; 4
    1146:	90 f4       	brcc	.+36     	; 0x116c <.L42>
    1148:	68 30       	cpi	r22, 0x08	; 8
    114a:	80 f4       	brcc	.+32     	; 0x116c <.L42>
    114c:	82 30       	cpi	r24, 0x02	; 2
    114e:	99 f0       	breq	.+38     	; 0x1176 <.L44>
    1150:	83 30       	cpi	r24, 0x03	; 3
    1152:	79 f0       	breq	.+30     	; 0x1172 <.L45>
    1154:	81 30       	cpi	r24, 0x01	; 1
    1156:	59 f4       	brne	.+22     	; 0x116e <.L51>
    1158:	86 b3       	in	r24, 0x16	; 22

0000115a <.L50>:
    115a:	90 e0       	ldi	r25, 0x00	; 0
    115c:	02 c0       	rjmp	.+4      	; 0x1162 <.L2^B5>

0000115e <.L1^B5>:
    115e:	95 95       	asr	r25
    1160:	87 95       	ror	r24

00001162 <.L2^B5>:
    1162:	6a 95       	dec	r22
    1164:	e2 f7       	brpl	.-8      	; 0x115e <.L1^B5>
    1166:	81 70       	andi	r24, 0x01	; 1
    1168:	fa 01       	movw	r30, r20
    116a:	80 83       	st	Z, r24

0000116c <.L42>:
    116c:	08 95       	ret

0000116e <.L51>:
    116e:	89 b3       	in	r24, 0x19	; 25
    1170:	f4 cf       	rjmp	.-24     	; 0x115a <.L50>

00001172 <.L45>:
    1172:	80 b3       	in	r24, 0x10	; 16
    1174:	f2 cf       	rjmp	.-28     	; 0x115a <.L50>

00001176 <.L44>:
    1176:	83 b3       	in	r24, 0x13	; 19
    1178:	f0 cf       	rjmp	.-32     	; 0x115a <.L50>

0000117a <DIO_ReadGroup>:
    117a:	61 15       	cp	r22, r1
    117c:	71 05       	cpc	r23, r1
    117e:	71 f0       	breq	.+28     	; 0x119c <.L52>
    1180:	82 30       	cpi	r24, 0x02	; 2
    1182:	91 f0       	breq	.+36     	; 0x11a8 <.L54>
    1184:	30 f4       	brcc	.+12     	; 0x1192 <.L55>
    1186:	81 15       	cp	r24, r1
    1188:	59 f0       	breq	.+22     	; 0x11a0 <.L63>
    118a:	86 b3       	in	r24, 0x16	; 22
    118c:	fb 01       	movw	r30, r22
    118e:	80 83       	st	Z, r24
    1190:	08 95       	ret

00001192 <.L55>:
    1192:	83 30       	cpi	r24, 0x03	; 3
    1194:	21 f4       	brne	.+8      	; 0x119e <.L64>
    1196:	80 b3       	in	r24, 0x10	; 16
    1198:	fb 01       	movw	r30, r22
    119a:	80 83       	st	Z, r24

0000119c <.L52>:
    119c:	08 95       	ret

0000119e <.L64>:
    119e:	08 95       	ret

000011a0 <.L63>:
    11a0:	89 b3       	in	r24, 0x19	; 25
    11a2:	fb 01       	movw	r30, r22
    11a4:	80 83       	st	Z, r24
    11a6:	08 95       	ret

000011a8 <.L54>:
    11a8:	83 b3       	in	r24, 0x13	; 19
    11aa:	fb 01       	movw	r30, r22
    11ac:	80 83       	st	Z, r24
    11ae:	08 95       	ret

000011b0 <EXTI_Init>:
    11b0:	9d ef       	ldi	r25, 0xFD	; 253
    11b2:	98 0f       	add	r25, r24
    11b4:	93 30       	cpi	r25, 0x03	; 3
    11b6:	20 f4       	brcc	.+8      	; 0x11c0 <.L1>
    11b8:	84 30       	cpi	r24, 0x04	; 4
    11ba:	19 f0       	breq	.+6      	; 0x11c2 <.L9>
    11bc:	85 30       	cpi	r24, 0x05	; 5
    11be:	61 f0       	breq	.+24     	; 0x11d8 <.L10>

000011c0 <.L1>:
    11c0:	08 95       	ret

000011c2 <.L9>:
    11c2:	64 30       	cpi	r22, 0x04	; 4
    11c4:	89 f0       	breq	.+34     	; 0x11e8 <.L11>
    11c6:	65 30       	cpi	r22, 0x05	; 5
    11c8:	b1 f4       	brne	.+44     	; 0x11f6 <.L5>
    11ca:	85 b7       	in	r24, 0x35	; 53
    11cc:	87 7f       	andi	r24, 0xF7	; 247
    11ce:	85 bf       	out	0x35, r24	; 53
    11d0:	85 b7       	in	r24, 0x35	; 53
    11d2:	84 60       	ori	r24, 0x04	; 4
    11d4:	85 bf       	out	0x35, r24	; 53
    11d6:	08 95       	ret

000011d8 <.L10>:
    11d8:	66 30       	cpi	r22, 0x06	; 6
    11da:	f9 f0       	breq	.+62     	; 0x121a <.L12>
    11dc:	67 30       	cpi	r22, 0x07	; 7
    11de:	81 f7       	brne	.-32     	; 0x11c0 <.L1>
    11e0:	84 b7       	in	r24, 0x34	; 52
    11e2:	80 64       	ori	r24, 0x40	; 64
    11e4:	84 bf       	out	0x34, r24	; 52
    11e6:	08 95       	ret

000011e8 <.L11>:
    11e8:	85 b7       	in	r24, 0x35	; 53
    11ea:	87 7f       	andi	r24, 0xF7	; 247
    11ec:	85 bf       	out	0x35, r24	; 53
    11ee:	85 b7       	in	r24, 0x35	; 53
    11f0:	8b 7f       	andi	r24, 0xFB	; 251
    11f2:	85 bf       	out	0x35, r24	; 53
    11f4:	08 95       	ret

000011f6 <.L5>:
    11f6:	66 30       	cpi	r22, 0x06	; 6
    11f8:	39 f4       	brne	.+14     	; 0x1208 <.L6>
    11fa:	85 b7       	in	r24, 0x35	; 53
    11fc:	88 60       	ori	r24, 0x08	; 8
    11fe:	85 bf       	out	0x35, r24	; 53
    1200:	85 b7       	in	r24, 0x35	; 53
    1202:	8b 7f       	andi	r24, 0xFB	; 251
    1204:	85 bf       	out	0x35, r24	; 53
    1206:	08 95       	ret

00001208 <.L6>:
    1208:	67 30       	cpi	r22, 0x07	; 7
    120a:	d1 f6       	brne	.-76     	; 0x11c0 <.L1>
    120c:	85 b7       	in	r24, 0x35	; 53
    120e:	88 60       	ori	r24, 0x08	; 8
    1210:	85 bf       	out	0x35, r24	; 53
    1212:	85 b7       	in	r24, 0x35	; 53
    1214:	84 60       	ori	r24, 0x04	; 4
    1216:	85 bf       	out	0x35, r24	; 53
    1218:	08 95       	ret

0000121a <.L12>:
    121a:	84 b7       	in	r24, 0x34	; 52
    121c:	8f 7b       	andi	r24, 0xBF	; 191
    121e:	84 bf       	out	0x34, r24	; 52
    1220:	08 95       	ret

00001222 <EXTI_Enable>:
    1222:	84 30       	cpi	r24, 0x04	; 4
    1224:	61 f0       	breq	.+24     	; 0x123e <.L17>
    1226:	83 30       	cpi	r24, 0x03	; 3
    1228:	21 f4       	brne	.+8      	; 0x1232 <.L16>
    122a:	8b b7       	in	r24, 0x3b	; 59
    122c:	80 64       	ori	r24, 0x40	; 64
    122e:	8b bf       	out	0x3b, r24	; 59
    1230:	08 95       	ret

00001232 <.L16>:
    1232:	85 30       	cpi	r24, 0x05	; 5
    1234:	19 f4       	brne	.+6      	; 0x123c <.L13>
    1236:	8b b7       	in	r24, 0x3b	; 59
    1238:	80 62       	ori	r24, 0x20	; 32
    123a:	8b bf       	out	0x3b, r24	; 59

0000123c <.L13>:
    123c:	08 95       	ret

0000123e <.L17>:
    123e:	8b b7       	in	r24, 0x3b	; 59
    1240:	80 68       	ori	r24, 0x80	; 128
    1242:	8b bf       	out	0x3b, r24	; 59
    1244:	08 95       	ret

00001246 <EXTI_Disable>:
    1246:	84 30       	cpi	r24, 0x04	; 4
    1248:	61 f0       	breq	.+24     	; 0x1262 <.L22>
    124a:	83 30       	cpi	r24, 0x03	; 3
    124c:	21 f4       	brne	.+8      	; 0x1256 <.L21>
    124e:	8b b7       	in	r24, 0x3b	; 59
    1250:	8f 7b       	andi	r24, 0xBF	; 191
    1252:	8b bf       	out	0x3b, r24	; 59
    1254:	08 95       	ret

00001256 <.L21>:
    1256:	85 30       	cpi	r24, 0x05	; 5
    1258:	19 f4       	brne	.+6      	; 0x1260 <.L18>
    125a:	8b b7       	in	r24, 0x3b	; 59
    125c:	8f 7d       	andi	r24, 0xDF	; 223
    125e:	8b bf       	out	0x3b, r24	; 59

00001260 <.L18>:
    1260:	08 95       	ret

00001262 <.L22>:
    1262:	8b b7       	in	r24, 0x3b	; 59
    1264:	8f 77       	andi	r24, 0x7F	; 127
    1266:	8b bf       	out	0x3b, r24	; 59
    1268:	08 95       	ret

0000126a <GIE_Enable>:
    126a:	8f b7       	in	r24, 0x3f	; 63
    126c:	80 68       	ori	r24, 0x80	; 128
    126e:	8f bf       	out	0x3f, r24	; 63
    1270:	08 95       	ret

00001272 <GIE_Disable>:
    1272:	8f b7       	in	r24, 0x3f	; 63
    1274:	8f 77       	andi	r24, 0x7F	; 127
    1276:	8f bf       	out	0x3f, r24	; 63
    1278:	08 95       	ret

0000127a <TIMER0_Init>:
    127a:	cf 93       	push	r28
    127c:	df 93       	push	r29
    127e:	00 d0       	rcall	.+0      	; 0x1280 <L0^A>

00001280 <L0^A>:
    1280:	00 d0       	rcall	.+0      	; 0x1282 <L0^A>

00001282 <L0^A>:
    1282:	0f 92       	push	r0
    1284:	cd b7       	in	r28, 0x3d	; 61
    1286:	de b7       	in	r29, 0x3e	; 62
    1288:	49 83       	std	Y+1, r20	; 0x01
    128a:	5a 83       	std	Y+2, r21	; 0x02
    128c:	6b 83       	std	Y+3, r22	; 0x03
    128e:	27 2f       	mov	r18, r23
    1290:	7c 83       	std	Y+4, r23	; 0x04
    1292:	8d 83       	std	Y+5, r24	; 0x05
    1294:	13 be       	out	0x33, r1	; 51
    1296:	41 30       	cpi	r20, 0x01	; 1
    1298:	98 f4       	brcc	.+38     	; 0x12c0 <.L2>
    129a:	83 b7       	in	r24, 0x33	; 51
    129c:	8f 7b       	andi	r24, 0xBF	; 191
    129e:	83 bf       	out	0x33, r24	; 51
    12a0:	83 b7       	in	r24, 0x33	; 51
    12a2:	87 7f       	andi	r24, 0xF7	; 247
    12a4:	83 bf       	out	0x33, r24	; 51
    12a6:	8a 81       	ldd	r24, Y+2	; 0x02
    12a8:	82 bf       	out	0x32, r24	; 50
    12aa:	89 b7       	in	r24, 0x39	; 57
    12ac:	81 60       	ori	r24, 0x01	; 1
    12ae:	89 bf       	out	0x39, r24	; 57

000012b0 <.L1>:
    12b0:	0f 90       	pop	r0
    12b2:	0f 90       	pop	r0
    12b4:	0f 90       	pop	r0
    12b6:	0f 90       	pop	r0
    12b8:	0f 90       	pop	r0
    12ba:	df 91       	pop	r29
    12bc:	cf 91       	pop	r28
    12be:	08 95       	ret

000012c0 <.L2>:
    12c0:	b9 f0       	breq	.+46     	; 0x12f0 <.L16>
    12c2:	42 30       	cpi	r20, 0x02	; 2
    12c4:	41 f1       	breq	.+80     	; 0x1316 <.L17>
    12c6:	43 30       	cpi	r20, 0x03	; 3
    12c8:	99 f7       	brne	.-26     	; 0x12b0 <.L1>
    12ca:	83 b7       	in	r24, 0x33	; 51
    12cc:	80 64       	ori	r24, 0x40	; 64
    12ce:	83 bf       	out	0x33, r24	; 51
    12d0:	83 b7       	in	r24, 0x33	; 51
    12d2:	87 7f       	andi	r24, 0xF7	; 247
    12d4:	83 bf       	out	0x33, r24	; 51
    12d6:	74 30       	cpi	r23, 0x04	; 4
    12d8:	31 f1       	breq	.+76     	; 0x1326 <.L13>

000012da <.L8>:
    12da:	25 30       	cpi	r18, 0x05	; 5
    12dc:	71 f1       	breq	.+92     	; 0x133a <.L18>
    12de:	1c be       	out	0x3c, r1	; 60

000012e0 <.L19>:
    12e0:	0f 90       	pop	r0
    12e2:	0f 90       	pop	r0
    12e4:	0f 90       	pop	r0
    12e6:	0f 90       	pop	r0
    12e8:	0f 90       	pop	r0
    12ea:	df 91       	pop	r29
    12ec:	cf 91       	pop	r28
    12ee:	08 95       	ret

000012f0 <.L16>:
    12f0:	83 b7       	in	r24, 0x33	; 51
    12f2:	8f 7b       	andi	r24, 0xBF	; 191
    12f4:	83 bf       	out	0x33, r24	; 51
    12f6:	83 b7       	in	r24, 0x33	; 51
    12f8:	88 60       	ori	r24, 0x08	; 8
    12fa:	83 bf       	out	0x33, r24	; 51
    12fc:	8b 81       	ldd	r24, Y+3	; 0x03
    12fe:	8c bf       	out	0x3c, r24	; 60
    1300:	89 b7       	in	r24, 0x39	; 57
    1302:	82 60       	ori	r24, 0x02	; 2
    1304:	89 bf       	out	0x39, r24	; 57
    1306:	0f 90       	pop	r0
    1308:	0f 90       	pop	r0
    130a:	0f 90       	pop	r0
    130c:	0f 90       	pop	r0
    130e:	0f 90       	pop	r0
    1310:	df 91       	pop	r29
    1312:	cf 91       	pop	r28
    1314:	08 95       	ret

00001316 <.L17>:
    1316:	83 b7       	in	r24, 0x33	; 51
    1318:	80 64       	ori	r24, 0x40	; 64
    131a:	83 bf       	out	0x33, r24	; 51
    131c:	83 b7       	in	r24, 0x33	; 51
    131e:	88 60       	ori	r24, 0x08	; 8
    1320:	83 bf       	out	0x33, r24	; 51
    1322:	74 30       	cpi	r23, 0x04	; 4
    1324:	d1 f6       	brne	.-76     	; 0x12da <.L8>

00001326 <.L13>:
    1326:	83 b7       	in	r24, 0x33	; 51
    1328:	8f 7e       	andi	r24, 0xEF	; 239

0000132a <.L11>:
    132a:	83 bf       	out	0x33, r24	; 51
    132c:	83 b7       	in	r24, 0x33	; 51
    132e:	80 62       	ori	r24, 0x20	; 32
    1330:	83 bf       	out	0x33, r24	; 51
    1332:	20 93 0f 01 	sts	0x010F, r18	; 0x80010f <StaticPWMOutputMode>
    1336:	1c be       	out	0x3c, r1	; 60
    1338:	d3 cf       	rjmp	.-90     	; 0x12e0 <.L19>

0000133a <.L18>:
    133a:	83 b7       	in	r24, 0x33	; 51
    133c:	80 61       	ori	r24, 0x10	; 16
    133e:	f5 cf       	rjmp	.-22     	; 0x132a <.L11>

00001340 <TIMER0_Start>:
    1340:	81 15       	cp	r24, r1
    1342:	21 f0       	breq	.+8      	; 0x134c <.L20>
    1344:	93 b7       	in	r25, 0x33	; 51
    1346:	98 7f       	andi	r25, 0xF8	; 248
    1348:	89 2b       	or	r24, r25
    134a:	83 bf       	out	0x33, r24	; 51

0000134c <.L20>:
    134c:	08 95       	ret

0000134e <TIMER0_Stop>:
    134e:	83 b7       	in	r24, 0x33	; 51
    1350:	88 7f       	andi	r24, 0xF8	; 248
    1352:	83 bf       	out	0x33, r24	; 51
    1354:	08 95       	ret

00001356 <TIMER0_SetPreload>:
    1356:	82 bf       	out	0x32, r24	; 50
    1358:	08 95       	ret

0000135a <TIMER0_SetCompare>:
    135a:	8c bf       	out	0x3c, r24	; 60
    135c:	08 95       	ret

0000135e <TIMER0_SetCallBackFunction>:
    135e:	81 30       	cpi	r24, 0x01	; 1
    1360:	40 f4       	brcc	.+16     	; 0x1372 <.L29>
    1362:	61 15       	cp	r22, r1
    1364:	71 05       	cpc	r23, r1
    1366:	31 f0       	breq	.+12     	; 0x1374 <.L28>
    1368:	60 93 0d 01 	sts	0x010D, r22	; 0x80010d <Timer0_OVFCallBack>
    136c:	70 93 0e 01 	sts	0x010E, r23	; 0x80010e <Timer0_OVFCallBack+0x1>
    1370:	08 95       	ret

00001372 <.L29>:
    1372:	09 f0       	breq	.+2      	; 0x1376 <.L37>

00001374 <.L28>:
    1374:	08 95       	ret

00001376 <.L37>:
    1376:	61 15       	cp	r22, r1
    1378:	71 05       	cpc	r23, r1
    137a:	e1 f3       	breq	.-8      	; 0x1374 <.L28>
    137c:	60 93 0b 01 	sts	0x010B, r22	; 0x80010b <Timer0_CTCCallBack>
    1380:	70 93 0c 01 	sts	0x010C, r23	; 0x80010c <Timer0_CTCCallBack+0x1>
    1384:	08 95       	ret

00001386 <TIMER0_SetPWMDutyCycle>:
    1386:	85 36       	cpi	r24, 0x65	; 101
    1388:	40 f4       	brcc	.+16     	; 0x139a <.L38>
    138a:	90 91 0f 01 	lds	r25, 0x010F	; 0x80010f <StaticPWMOutputMode>
    138e:	94 30       	cpi	r25, 0x04	; 4
    1390:	29 f0       	breq	.+10     	; 0x139c <.L43>
    1392:	20 e0       	ldi	r18, 0x00	; 0
    1394:	95 30       	cpi	r25, 0x05	; 5
    1396:	79 f0       	breq	.+30     	; 0x13b6 <.L44>
    1398:	2c bf       	out	0x3c, r18	; 60

0000139a <.L38>:
    139a:	08 95       	ret

0000139c <.L43>:
    139c:	28 2f       	mov	r18, r24
    139e:	30 e0       	ldi	r19, 0x00	; 0
    13a0:	af ef       	ldi	r26, 0xFF	; 255
    13a2:	b0 e0       	ldi	r27, 0x00	; 0
    13a4:	0e 94 41 0a 	call	0x1482	; 0x1482 <__umulhisi3>
    13a8:	24 e6       	ldi	r18, 0x64	; 100
    13aa:	40 e0       	ldi	r20, 0x00	; 0
    13ac:	50 e0       	ldi	r21, 0x00	; 0
    13ae:	0e 94 50 0a 	call	0x14a0	; 0x14a0 <__udivmodsi4>
    13b2:	2c bf       	out	0x3c, r18	; 60
    13b4:	08 95       	ret

000013b6 <.L44>:
    13b6:	28 2f       	mov	r18, r24
    13b8:	30 e0       	ldi	r19, 0x00	; 0
    13ba:	af ef       	ldi	r26, 0xFF	; 255
    13bc:	b0 e0       	ldi	r27, 0x00	; 0
    13be:	0e 94 41 0a 	call	0x1482	; 0x1482 <__umulhisi3>
    13c2:	24 e6       	ldi	r18, 0x64	; 100
    13c4:	40 e0       	ldi	r20, 0x00	; 0
    13c6:	50 e0       	ldi	r21, 0x00	; 0
    13c8:	0e 94 50 0a 	call	0x14a0	; 0x14a0 <__udivmodsi4>
    13cc:	20 95       	com	r18
    13ce:	2c bf       	out	0x3c, r18	; 60
    13d0:	08 95       	ret

000013d2 <__vector_10>:
    13d2:	1f 92       	push	r1
    13d4:	0f 92       	push	r0
    13d6:	0f b6       	in	r0, 0x3f	; 63
    13d8:	0f 92       	push	r0
    13da:	11 24       	eor	r1, r1
    13dc:	2f 93       	push	r18
    13de:	3f 93       	push	r19
    13e0:	4f 93       	push	r20
    13e2:	5f 93       	push	r21
    13e4:	6f 93       	push	r22
    13e6:	7f 93       	push	r23
    13e8:	8f 93       	push	r24
    13ea:	9f 93       	push	r25
    13ec:	af 93       	push	r26
    13ee:	bf 93       	push	r27
    13f0:	ef 93       	push	r30
    13f2:	ff 93       	push	r31
    13f4:	e0 91 0b 01 	lds	r30, 0x010B	; 0x80010b <Timer0_CTCCallBack>
    13f8:	f0 91 0c 01 	lds	r31, 0x010C	; 0x80010c <Timer0_CTCCallBack+0x1>
    13fc:	09 95       	icall
    13fe:	ff 91       	pop	r31
    1400:	ef 91       	pop	r30
    1402:	bf 91       	pop	r27
    1404:	af 91       	pop	r26
    1406:	9f 91       	pop	r25
    1408:	8f 91       	pop	r24
    140a:	7f 91       	pop	r23
    140c:	6f 91       	pop	r22
    140e:	5f 91       	pop	r21
    1410:	4f 91       	pop	r20
    1412:	3f 91       	pop	r19
    1414:	2f 91       	pop	r18
    1416:	0f 90       	pop	r0
    1418:	0f be       	out	0x3f, r0	; 63
    141a:	0f 90       	pop	r0
    141c:	1f 90       	pop	r1
    141e:	18 95       	reti

00001420 <__vector_11>:
    1420:	1f 92       	push	r1
    1422:	0f 92       	push	r0
    1424:	0f b6       	in	r0, 0x3f	; 63
    1426:	0f 92       	push	r0
    1428:	11 24       	eor	r1, r1
    142a:	2f 93       	push	r18
    142c:	3f 93       	push	r19
    142e:	4f 93       	push	r20
    1430:	5f 93       	push	r21
    1432:	6f 93       	push	r22
    1434:	7f 93       	push	r23
    1436:	8f 93       	push	r24
    1438:	9f 93       	push	r25
    143a:	af 93       	push	r26
    143c:	bf 93       	push	r27
    143e:	ef 93       	push	r30
    1440:	ff 93       	push	r31
    1442:	e0 91 0d 01 	lds	r30, 0x010D	; 0x80010d <Timer0_OVFCallBack>
    1446:	f0 91 0e 01 	lds	r31, 0x010E	; 0x80010e <Timer0_OVFCallBack+0x1>
    144a:	09 95       	icall
    144c:	ff 91       	pop	r31
    144e:	ef 91       	pop	r30
    1450:	bf 91       	pop	r27
    1452:	af 91       	pop	r26
    1454:	9f 91       	pop	r25
    1456:	8f 91       	pop	r24
    1458:	7f 91       	pop	r23
    145a:	6f 91       	pop	r22
    145c:	5f 91       	pop	r21
    145e:	4f 91       	pop	r20
    1460:	3f 91       	pop	r19
    1462:	2f 91       	pop	r18
    1464:	0f 90       	pop	r0
    1466:	0f be       	out	0x3f, r0	; 63
    1468:	0f 90       	pop	r0
    146a:	1f 90       	pop	r1
    146c:	18 95       	reti

0000146e <main>:
    146e:	61 ea       	ldi	r22, 0xA1	; 161
    1470:	70 e0       	ldi	r23, 0x00	; 0
    1472:	81 e0       	ldi	r24, 0x01	; 1
    1474:	0e 94 af 09 	call	0x135e	; 0x135e <TIMER0_SetCallBackFunction>
    1478:	0e 94 b1 00 	call	0x162	; 0x162 <GreenHouse_Init>

0000147c <.L2>:
    147c:	0e 94 49 00 	call	0x92	; 0x92 <StateMachine_ClimateControll>
    1480:	fd cf       	rjmp	.-6      	; 0x147c <.L2>

00001482 <__umulhisi3>:
    1482:	a2 9f       	mul	r26, r18

00001484 <.Loc.1>:
    1484:	b0 01       	movw	r22, r0

00001486 <.Loc.2>:
    1486:	b3 9f       	mul	r27, r19

00001488 <.Loc.3>:
    1488:	c0 01       	movw	r24, r0

0000148a <.Loc.4>:
    148a:	a3 9f       	mul	r26, r19

0000148c <.Loc.5>:
    148c:	70 0d       	add	r23, r0

0000148e <.Loc.6>:
    148e:	81 1d       	adc	r24, r1

00001490 <.Loc.7>:
    1490:	11 24       	eor	r1, r1

00001492 <.Loc.8>:
    1492:	91 1d       	adc	r25, r1

00001494 <.Loc.9>:
    1494:	b2 9f       	mul	r27, r18

00001496 <.Loc.10>:
    1496:	70 0d       	add	r23, r0

00001498 <.Loc.11>:
    1498:	81 1d       	adc	r24, r1

0000149a <.Loc.12>:
    149a:	11 24       	eor	r1, r1

0000149c <.Loc.13>:
    149c:	91 1d       	adc	r25, r1

0000149e <.Loc.14>:
    149e:	08 95       	ret

000014a0 <__udivmodsi4>:
    14a0:	a1 e2       	ldi	r26, 0x21	; 33

000014a2 <.Loc.1>:
    14a2:	1a 2e       	mov	r1, r26

000014a4 <.Loc.2>:
    14a4:	aa 1b       	sub	r26, r26

000014a6 <.Loc.3>:
    14a6:	bb 1b       	sub	r27, r27

000014a8 <.Loc.4>:
    14a8:	fd 01       	movw	r30, r26

000014aa <.Loc.5>:
    14aa:	0d c0       	rjmp	.+26     	; 0x14c6 <__udivmodsi4_ep>

000014ac <__udivmodsi4_loop>:
    14ac:	aa 1f       	adc	r26, r26

000014ae <.Loc.7>:
    14ae:	bb 1f       	adc	r27, r27

000014b0 <.Loc.8>:
    14b0:	ee 1f       	adc	r30, r30

000014b2 <.Loc.9>:
    14b2:	ff 1f       	adc	r31, r31

000014b4 <.Loc.10>:
    14b4:	a2 17       	cp	r26, r18

000014b6 <.Loc.11>:
    14b6:	b3 07       	cpc	r27, r19

000014b8 <.Loc.12>:
    14b8:	e4 07       	cpc	r30, r20

000014ba <.Loc.13>:
    14ba:	f5 07       	cpc	r31, r21

000014bc <.Loc.14>:
    14bc:	20 f0       	brcs	.+8      	; 0x14c6 <__udivmodsi4_ep>

000014be <.Loc.15>:
    14be:	a2 1b       	sub	r26, r18

000014c0 <.Loc.16>:
    14c0:	b3 0b       	sbc	r27, r19

000014c2 <.Loc.17>:
    14c2:	e4 0b       	sbc	r30, r20

000014c4 <.Loc.18>:
    14c4:	f5 0b       	sbc	r31, r21

000014c6 <__udivmodsi4_ep>:
    14c6:	66 1f       	adc	r22, r22

000014c8 <.Loc.20>:
    14c8:	77 1f       	adc	r23, r23

000014ca <.Loc.21>:
    14ca:	88 1f       	adc	r24, r24

000014cc <.Loc.22>:
    14cc:	99 1f       	adc	r25, r25

000014ce <.Loc.23>:
    14ce:	1a 94       	dec	r1

000014d0 <.Loc.24>:
    14d0:	69 f7       	brne	.-38     	; 0x14ac <__udivmodsi4_loop>

000014d2 <.Loc.25>:
    14d2:	60 95       	com	r22

000014d4 <.Loc.26>:
    14d4:	70 95       	com	r23

000014d6 <.Loc.27>:
    14d6:	80 95       	com	r24

000014d8 <.Loc.28>:
    14d8:	90 95       	com	r25

000014da <.Loc.29>:
    14da:	9b 01       	movw	r18, r22

000014dc <.Loc.30>:
    14dc:	ac 01       	movw	r20, r24

000014de <.Loc.31>:
    14de:	bd 01       	movw	r22, r26

000014e0 <.Loc.32>:
    14e0:	cf 01       	movw	r24, r30

000014e2 <.Loc.33>:
    14e2:	08 95       	ret

000014e4 <_exit>:
    14e4:	f8 94       	cli

000014e6 <__stop_program>:
    14e6:	ff cf       	rjmp	.-2      	; 0x14e6 <__stop_program>
